Id,Ref.,Label,Type,For sale,For purchase,Description,Public URL,Customs|Commodity|HS code,ID country,Accounting code (sale),Accounting code (sale intra-Community),Accounting code (sale export),Accounting code (purchase),Accounting code (purchase intra-community),Accounting code (purchase import),Note (private),Note (public),Weight,Weight unit,Length,Length unit,Width,Width unit,Height,Height unit,Area,Surface unit,Volume,Volume unit,Duration,Nature of product (raw/manufactured),Base price,Unit price (excl.),Unit price,MinPriceHT,MinPriceTTC,Tax Rate,Creation date,Modification date,Cost price,Default warehouse,ManageLotSerial,Stock,Stock limit for alert,Desired Stock,Weighted average price,Barcode,Manufacture Type,Vendor,Vendor SKU,Min. purchase quantity,Discount for this qty.,Buying price,Delivery delay (days),
249,10668-07416,CAMERON'S COFFEE GROUND - SEA SALT CARAMEL - 12 OZ,0,1,1,,,,,,,,,,,,,,,,,,,,,,,,,,,HT,0.00000000,0.00000000,0.00000000,0.00000000,0.000,,2023-05-19 15:46:45,,,0,,,0,0.00000000,,,VENDOR 1,85494654,1,0,30.00000000,7,
1,DP610,Silver Liberty 20oz - Custom 1 Digital Print,0,1,1,,,,,,,,,,,,,,,,,,,,,,,,,,,HT,8.75000000,8.75000000,0.00000000,0.00000000,0.000,,2023-06-30 08:19:49,,,0,99,,0,0.00000000,,2,,,,,,,
2,LE604 ,Black Liberty 20oz  -  Custom 1 Laser Etched,0,1,1,,,,,,,,,,,,,,,,,,,,,,,,,,,HT,8.75000000,8.75000000,0.00000000,0.00000000,,,2023-05-19 15:02:07,,,0,,,0,0.00000000,,1,,,,,,,
3,LE701 ,White Napa 12oz  -  Custom 1 Laser Etched,0,1,1,,,,,,,,,,,,,,,,,,,,,,,,,,,HT,8.75000000,8.75000000,0.00000000,0.00000000,,,2023-05-19 15:02:07,,,0,,,0,0.00000000,,1,,,,,,,
4,606B,Black Liberty 20oz - Blank,0,1,1,,,,,,,,,,,,,,,,,,,,,,,,,,,HT,8.75000000,8.75000000,0.00000000,0.00000000,,,2023-05-19 15:02:07,,,0,,,0,0.00000000,,,,,,,,,
5,609B ,White Liberty 20oz - Blank,0,1,1,,,,,,,,,,,,,,,,,,,,,,,,,,,HT,8.75000000,8.75000000,0.00000000,0.00000000,,,2023-05-19 15:02:08,,,0,,,0,0.00000000,,,,,,,,,
6,612B ,Silver Liberty 20oz - Blank,0,1,1,,,,,,,,,,,,,,,,,,,,,,,,,,,HT,8.75000000,8.75000000,0.00000000,0.00000000,,,2023-05-19 15:02:08,,,0,,,0,0.00000000,,,,,,,,,
7,615B ,Royal Blue Liberty 20oz - Blank,0,1,1,,,,,,,,,,,,,,,,,,,,,,,,,,,HT,8.75000000,8.75000000,0.00000000,0.00000000,,,2023-05-19 15:02:09,,,0,,,0,0.00000000,,,,,,,,,
8,618B ,Red Liberty 20oz - Blank,0,1,1,,,,,,,,,,,,,,,,,,,,,,,,,,,HT,8.75000000,8.75000000,0.00000000,0.00000000,,,2023-05-19 15:02:09,,,0,,,0,0.00000000,,,,,,,,,
9,703B ,White Napa 12oz - Blank,0,1,1,,,,,,,,,,,,,,,,,,,,,,,,,,,HT,8.75000000,8.75000000,0.00000000,0.00000000,,,2023-05-19 15:02:09,,,0,,,0,0.00000000,,,,,,,,,
10,706B,Silver Napa 12oz - Blank,0,1,1,,,,,,,,,,,,,,,,,,,,,,,,,,,HT,8.75000000,8.75000000,0.00000000,0.00000000,,,2023-05-19 15:02:09,,,0,,,0,0.00000000,,,,,,,,,
11,903B ,Black Tundra 26oz - Blank,0,1,1,,,,,,,,,,,,,,,,,,,,,,,,,,,HT,13.00000000,13.00000000,0.00000000,0.00000000,,,2023-05-19 15:02:09,,,0,,,0,0.00000000,,,,,,,,,
12,906B ,White Tundra 26oz - Blank,0,1,1,,,,,,,,,,,,,,,,,,,,,,,,,,,HT,13.00000000,13.00000000,0.00000000,0.00000000,,,2023-05-19 15:02:10,,,0,,,0,0.00000000,,,,,,,,,
37,GL105 ,Adventures - White 20oz ,0,1,1,,,,,,,,,,,,,,,,,,,,,,,,,,,HT,8.75000000,8.75000000,0.00000000,0.00000000,,,2023-06-30 08:19:49,,,0,90,,0,0.00000000,,1,,,,,,,
38,GL106 ,Life is Better - Royal Blue 20oz ,0,1,1,,,,,,,,,,,,,,,,,,,,,,,,,,,HT,8.75000000,8.75000000,0.00000000,0.00000000,,,2023-05-19 15:02:10,,,0,,,0,0.00000000,,1,,,,,,,
39,GL107 ,USA Flag - Red 20oz,0,1,1,,,,,,,,,,,,,,,,,,,,,,,,,,,HT,8.75000000,8.75000000,0.00000000,0.00000000,,,2023-05-19 15:02:10,,,0,,,0,0.00000000,,1,,,,,,,
40,GL108,Eat Sleep Hunt - Black 20oz,0,1,1,,,,,,,,,,,,,,,,,,,,,,,,,,,HT,8.75000000,8.75000000,0.00000000,0.00000000,,,2023-05-19 15:02:10,,,0,,,0,0.00000000,,1,,,,,,,
41,GL109 ,"But First, Coffee - White 20oz ",0,1,1,,,,,,,,,,,,,,,,,,,,,,,,,,,HT,8.75000000,8.75000000,0.00000000,0.00000000,,,2023-05-19 15:02:11,,,0,,,0,0.00000000,,1,,,,,,,
42,GL110 ,Fishing Life - Black 20oz ,0,1,1,,,,,,,,,,,,,,,,,,,,,,,,,,,HT,8.75000000,8.75000000,0.00000000,0.00000000,,,2023-05-19 15:02:11,,,0,,,0,0.00000000,,1,,,,,,,
43,GL203 ,Good Vibes - White 12oz ,0,1,1,,,,,,,,,,,,,,,,,,,,,,,,,,,HT,8.75000000,8.75000000,0.00000000,0.00000000,,,2023-05-19 15:02:11,,,0,,,0,0.00000000,,1,,,,,,,
44,GL204,Compass - White 12oz ,0,1,1,,,,,,,,,,,,,,,,,,,,,,,,,,,HT,8.75000000,8.75000000,0.00000000,0.00000000,,,2023-05-19 15:02:11,,,0,,,0,0.00000000,,1,,,,,,,
45,GP506 ,Sun and Moon - Silver 20oz ,0,1,1,,,,,,,,,,,,,,,,,,,,,,,,,,,HT,8.75000000,8.75000000,0.00000000,0.00000000,,,2023-05-19 15:02:11,,,0,,,0,0.00000000,,2,,,,,,,
46,GP507 ,Golf - Silver 20oz ,0,1,1,,,,,,,,,,,,,,,,,,,,,,,,,,,HT,8.75000000,8.75000000,0.00000000,0.00000000,,,2023-05-19 15:02:12,,,0,,,0,0.00000000,,2,,,,,,,
47,GP508 ,"Live, Laugh, Love - Silver 20oz ",0,1,1,,,,,,,,,,,,,,,,,,,,,,,,,,,HT,8.75000000,8.75000000,0.00000000,0.00000000,,,2023-05-19 15:02:12,,,0,,,0,0.00000000,,2,,,,,,,
48,GP509 ,Go Pink - Silver 20oz ,0,1,1,,,,,,,,,,,,,,,,,,,,,,,,,,,HT,8.75000000,8.75000000,0.00000000,0.00000000,,,2023-05-19 15:02:12,,,0,,,0,0.00000000,,2,,,,,,,
49,GP608 ,Flamingo's - Silver 12oz ,0,1,1,,,,,,,,,,,,,,,,,,,,,,,,,,,HT,8.75000000,8.75000000,0.00000000,0.00000000,,,2023-05-19 15:02:12,,,0,,,0,0.00000000,,2,,,,,,,
50,GP609 ,Floral - Silver 12oz ,0,1,1,,,,,,,,,,,,,,,,,,,,,,,,,,,HT,8.75000000,8.75000000,0.00000000,0.00000000,,,2023-05-19 15:02:12,,,0,,,0,0.00000000,,2,,,,,,,
51,GP610 ,Paw Prints - Silver 12oz ,0,1,1,,,,,,,,,,,,,,,,,,,,,,,,,,,HT,8.75000000,8.75000000,0.00000000,0.00000000,,,2023-05-19 15:02:13,,,0,,,0,0.00000000,,2,,,,,,,
52,GP611 ,Give Thanks - Silver 12oz ,0,1,1,,,,,,,,,,,,,,,,,,,,,,,,,,,HT,8.75000000,8.75000000,0.00000000,0.00000000,,,2023-05-19 15:02:13,,,0,,,0,0.00000000,,2,,,,,,,
58,SHS04 ,Arkansas Home - Silver 20oz,0,1,1,,,,,,,,,,,,,,,,,,,,,,,,,,,HT,8.75000000,8.75000000,0.00000000,0.00000000,,,2023-05-19 15:02:13,,,0,,,0,0.00000000,,,,,,,,,
59,SHS10 ,Georgia Home - Silver 20oz,0,1,1,,,,,,,,,,,,,,,,,,,,,,,,,,,HT,8.75000000,8.75000000,0.00000000,0.00000000,,,2023-05-19 15:02:13,,,0,,,0,0.00000000,,,,,,,,,
60,SHS15 ,Iowa Home - Silver 20oz,0,1,1,,,,,,,,,,,,,,,,,,,,,,,,,,,HT,8.75000000,8.75000000,0.00000000,0.00000000,,,2023-05-19 15:02:13,,,0,,,0,0.00000000,,,,,,,,,
61,SHS18 ,Louisiana Home - Silver 20oz,0,1,1,,,,,,,,,,,,,,,,,,,,,,,,,,,HT,8.75000000,8.75000000,0.00000000,0.00000000,,,2023-05-19 15:02:14,,,0,,,0,0.00000000,,,,,,,,,
62,SHS43 ,Texas Home - Silver 20oz,0,1,1,,,,,,,,,,,,,,,,,,,,,,,,,,,HT,8.75000000,8.75000000,0.00000000,0.00000000,,,2023-05-19 15:02:14,,,0,,,0,0.00000000,,,,,,,,,
63,DI001,Donation Item,0,1,1,,,,,,,,,,,,,,,,,,,,,,,,,,,HT,5.00000000,5.00000000,0.00000000,0.00000000,,,2023-05-19 15:02:14,,,0,,,0,0.00000000,,,,,,,,,
64,LE501,Black Taylor 20oz  -  Custom Laser Etched,0,1,1,,,,,,,,,,,,,,,,,,,,,,,,,,,HT,9.50000000,9.50000000,0.00000000,0.00000000,,,2023-05-19 15:02:14,,,0,,,0,0.00000000,,1,,,,,,,
65,LE502,Black Taylor 20oz  -  Custom 2 Laser Etched,0,1,1,,,,,,,,,,,,,,,,,,,,,,,,,,,HT,9.50000000,9.50000000,0.00000000,0.00000000,,,2023-05-19 15:02:14,,,0,,,0,0.00000000,,1,,,,,,,
66,503B,Black Taylor 20oz  -  Blank,0,1,1,,,,,,,,,,,,,,,,,,,,,,,,,,,HT,9.50000000,9.50000000,0.00000000,0.00000000,,,2023-05-19 15:02:14,,,0,,,0,0.00000000,,,,,,,,,
67,LE605,Black Liberty 20oz  -  Custom 2 Laser Etched,0,1,1,,,,,,,,,,,,,,,,,,,,,,,,,,,HT,8.75000000,8.75000000,0.00000000,0.00000000,,,2023-05-19 15:02:15,,,0,,,0,0.00000000,,1,,,,,,,
68,LE607,White Liberty 20oz  -  Custom 1 Laser Etched,0,1,1,,,,,,,,,,,,,,,,,,,,,,,,,,,HT,8.75000000,8.75000000,0.00000000,0.00000000,,,2023-05-19 15:02:15,,,0,,,0,0.00000000,,1,,,,,,,
69,LE608,White Liberty 20oz  -  Custom 2 Laser Etched,0,1,1,,,,,,,,,,,,,,,,,,,,,,,,,,,HT,8.75000000,8.75000000,0.00000000,0.00000000,,,2023-05-19 15:02:15,,,0,,,0,0.00000000,,1,,,,,,,
70,DP611,Silver Liberty 20oz - Custom 2 Digital Print,0,1,1,,,,,,,,,,,,,,,,,,,,,,,,,,,HT,8.75000000,8.75000000,0.00000000,0.00000000,,,2023-05-19 15:02:15,,,0,,,0,0.00000000,,2,,,,,,,
71,LE613,Royal Blue Liberty 20oz  -  Custom 1 Laser Etched,0,1,1,,,,,,,,,,,,,,,,,,,,,,,,,,,HT,8.75000000,8.75000000,0.00000000,0.00000000,,,2023-05-19 15:02:16,,,0,,,0,0.00000000,,1,,,,,,,
72,LE614,Royal Blue Liberty 20oz  -  Custom 2 Laser Etched,0,1,1,,,,,,,,,,,,,,,,,,,,,,,,,,,HT,8.75000000,8.75000000,0.00000000,0.00000000,,,2023-05-19 15:02:16,,,0,,,0,0.00000000,,1,,,,,,,
73,LE616,Red Liberty 20oz  -  Custom 1 Laser Etched,0,1,1,,,,,,,,,,,,,,,,,,,,,,,,,,,HT,8.75000000,8.75000000,0.00000000,0.00000000,,,2023-05-19 15:02:16,,,0,,,0,0.00000000,,1,,,,,,,
74,LE617,Red Liberty 20oz  -  Custom 2 Laser Etched,0,1,1,,,,,,,,,,,,,,,,,,,,,,,,,,,HT,8.75000000,8.75000000,0.00000000,0.00000000,,,2023-05-19 15:02:16,,,0,,,0,0.00000000,,1,,,,,,,
75,LE702,White Napa 12oz  -  Custom 2 Laser Etched,0,1,1,,,,,,,,,,,,,,,,,,,,,,,,,,,HT,8.75000000,8.75000000,0.00000000,0.00000000,,,2023-05-19 15:02:16,,,0,,,0,0.00000000,,1,,,,,,,
76,DP704,Silver Napa 12oz  -  Custom 1 Digital Print,0,1,1,,,,,,,,,,,,,,,,,,,,,,,,,,,HT,8.75000000,8.75000000,0.00000000,0.00000000,,,2023-05-19 15:02:17,,,0,,,0,0.00000000,,2,,,,,,,
77,DP705,Silver Napa 12oz  -  Custom 2 Digital Print,0,1,1,,,,,,,,,,,,,,,,,,,,,,,,,,,HT,8.75000000,8.75000000,0.00000000,0.00000000,,,2023-05-19 15:02:17,,,0,,,0,0.00000000,,2,,,,,,,
78,LE901,Black Tundra 26oz  -  Custom 1 Laser Etched,0,1,1,,,,,,,,,,,,,,,,,,,,,,,,,,,HT,13.00000000,13.00000000,0.00000000,0.00000000,,,2023-05-19 15:02:17,,,0,,,0,0.00000000,,1,,,,,,,
79,LE902,Black Tundra 26oz  -  Custom 2 Laser Etched,0,1,1,,,,,,,,,,,,,,,,,,,,,,,,,,,HT,13.00000000,13.00000000,0.00000000,0.00000000,,,2023-05-19 15:02:17,,,0,,,0,0.00000000,,1,,,,,,,
80,LE904,White Tundra 26oz  -  Custom 1 Laser Etched,0,1,1,,,,,,,,,,,,,,,,,,,,,,,,,,,HT,13.00000000,13.00000000,0.00000000,0.00000000,,,2023-05-19 15:02:17,,,0,,,0,0.00000000,,1,,,,,,,
81,LE905,White Tundra 26oz  -  Custom 2 Laser Etched,0,1,1,,,,,,,,,,,,,,,,,,,,,,,,,,,HT,13.00000000,13.00000000,0.00000000,0.00000000,,,2023-05-19 15:02:17,,,0,,,0,0.00000000,,1,,,,,,,
82,SHS01,Alabama Home  -  Silver 20oz,0,1,1,,,,,,,,,,,,,,,,,,,,,,,,,,,HT,8.75000000,8.75000000,0.00000000,0.00000000,,,2023-05-19 15:02:18,,,0,,,0,0.00000000,,,,,,,,,
83,SHS02,Alaska Home  -  Silver 20oz,0,1,1,,,,,,,,,,,,,,,,,,,,,,,,,,,HT,8.75000000,8.75000000,0.00000000,0.00000000,,,2023-05-19 15:02:18,,,0,,,0,0.00000000,,,,,,,,,
84,SHS03,Arizona Home  -  Silver 20oz,0,1,1,,,,,,,,,,,,,,,,,,,,,,,,,,,HT,8.75000000,8.75000000,0.00000000,0.00000000,,,2023-05-19 15:02:18,,,0,,,0,0.00000000,,,,,,,,,
85,SHS05,California Home  -  Silver 20oz,0,1,1,,,,,,,,,,,,,,,,,,,,,,,,,,,HT,8.75000000,8.75000000,0.00000000,0.00000000,,,2023-05-19 15:02:18,,,0,,,0,0.00000000,,,,,,,,,
86,SHS06,Colorado Home  -  Silver 20oz,0,1,1,,,,,,,,,,,,,,,,,,,,,,,,,,,HT,8.75000000,8.75000000,0.00000000,0.00000000,,,2023-05-19 15:02:18,,,0,,,0,0.00000000,,,,,,,,,
87,SHS07,Connecticut Home   -  Silver 20oz,0,1,1,,,,,,,,,,,,,,,,,,,,,,,,,,,HT,8.75000000,8.75000000,0.00000000,0.00000000,,,2023-05-19 15:02:19,,,0,,,0,0.00000000,,,,,,,,,
88,SHS08,Delaware Home  -  Silver 20oz,0,1,1,,,,,,,,,,,,,,,,,,,,,,,,,,,HT,8.75000000,8.75000000,0.00000000,0.00000000,,,2023-05-19 15:02:19,,,0,,,0,0.00000000,,,,,,,,,
89,SHS09,Florida Home  -  Silver 20oz,0,1,1,,,,,,,,,,,,,,,,,,,,,,,,,,,HT,8.75000000,8.75000000,0.00000000,0.00000000,,,2023-05-19 15:02:19,,,0,,,0,0.00000000,,,,,,,,,
90,SHS11,Hawaii Home  -  Silver 20oz,0,1,1,,,,,,,,,,,,,,,,,,,,,,,,,,,HT,8.75000000,8.75000000,0.00000000,0.00000000,,,2023-05-19 15:02:19,,,0,,,0,0.00000000,,,,,,,,,
91,SHS12,Idaho Home  -  Silver 20oz,0,1,1,,,,,,,,,,,,,,,,,,,,,,,,,,,HT,8.75000000,8.75000000,0.00000000,0.00000000,,,2023-05-19 15:02:19,,,0,,,0,0.00000000,,,,,,,,,
92,SHS13,Illinois Home  -  Silver 20oz,0,1,1,,,,,,,,,,,,,,,,,,,,,,,,,,,HT,8.75000000,8.75000000,0.00000000,0.00000000,,,2023-05-19 15:02:20,,,0,,,0,0.00000000,,,,,,,,,
93,SHS14,Indiana Home  -  Silver 20oz,0,1,1,,,,,,,,,,,,,,,,,,,,,,,,,,,HT,8.75000000,8.75000000,0.00000000,0.00000000,,,2023-05-19 15:02:20,,,0,,,0,0.00000000,,,,,,,,,
94,SHS16,Kansas Home  -  Silver 20oz,0,1,1,,,,,,,,,,,,,,,,,,,,,,,,,,,HT,8.75000000,8.75000000,0.00000000,0.00000000,,,2023-05-19 15:02:20,,,0,,,0,0.00000000,,,,,,,,,
95,SHS17,Kentucky Home  -  Silver 20oz,0,1,1,,,,,,,,,,,,,,,,,,,,,,,,,,,HT,8.75000000,8.75000000,0.00000000,0.00000000,,,2023-05-19 15:02:20,,,0,,,0,0.00000000,,,,,,,,,
96,SHS19,Maine Home  -  Silver 20oz,0,1,1,,,,,,,,,,,,,,,,,,,,,,,,,,,HT,8.75000000,8.75000000,0.00000000,0.00000000,,,2023-05-19 15:02:20,,,0,,,0,0.00000000,,,,,,,,,
97,SHS20,Maryland Home  -  Silver 20oz,0,1,1,,,,,,,,,,,,,,,,,,,,,,,,,,,HT,8.75000000,8.75000000,0.00000000,0.00000000,,,2023-05-19 15:02:21,,,0,,,0,0.00000000,,,,,,,,,
98,SHS21,Massachusettes Home  -  Silver 20oz,0,1,1,,,,,,,,,,,,,,,,,,,,,,,,,,,HT,8.75000000,8.75000000,0.00000000,0.00000000,,,2023-05-19 15:02:21,,,0,,,0,0.00000000,,,,,,,,,
99,SHS22,Michigan Home  -  Silver 20oz,0,1,1,,,,,,,,,,,,,,,,,,,,,,,,,,,HT,8.75000000,8.75000000,0.00000000,0.00000000,,,2023-05-19 15:02:21,,,0,,,0,0.00000000,,,,,,,,,
100,SHS23,Minnesota Home  -  Silver 20oz,0,1,1,,,,,,,,,,,,,,,,,,,,,,,,,,,HT,8.75000000,8.75000000,0.00000000,0.00000000,,,2023-05-19 15:02:21,,,0,,,0,0.00000000,,,,,,,,,
101,SHS24,Mississippi Home  -  Silver 20oz,0,1,1,,,,,,,,,,,,,,,,,,,,,,,,,,,HT,8.75000000,8.75000000,0.00000000,0.00000000,,,2023-05-19 15:02:22,,,0,,,0,0.00000000,,,,,,,,,
102,SHS25,Missouri Home  -  Silver 20oz,0,1,1,,,,,,,,,,,,,,,,,,,,,,,,,,,HT,8.75000000,8.75000000,0.00000000,0.00000000,,,2023-05-19 15:02:22,,,0,,,0,0.00000000,,,,,,,,,
103,SHS26,Montana Home  -  Silver 20oz,0,1,1,,,,,,,,,,,,,,,,,,,,,,,,,,,HT,8.75000000,8.75000000,0.00000000,0.00000000,,,2023-05-19 15:02:22,,,0,,,0,0.00000000,,,,,,,,,
104,SHS27,Nebraska Home  -  Silver 20oz,0,1,1,,,,,,,,,,,,,,,,,,,,,,,,,,,HT,8.75000000,8.75000000,0.00000000,0.00000000,,,2023-05-19 15:02:22,,,0,,,0,0.00000000,,,,,,,,,
105,SHS28,Nevada Home  -  Silver 20oz,0,1,1,,,,,,,,,,,,,,,,,,,,,,,,,,,HT,8.75000000,8.75000000,0.00000000,0.00000000,,,2023-05-19 15:02:23,,,0,,,0,0.00000000,,,,,,,,,
106,SHS29,New Hampshire Home  -  Silver 20oz,0,1,1,,,,,,,,,,,,,,,,,,,,,,,,,,,HT,8.75000000,8.75000000,0.00000000,0.00000000,,,2023-05-19 15:02:23,,,0,,,0,0.00000000,,,,,,,,,
107,SHS30,New Jersey Home  -  Silver 20oz,0,1,1,,,,,,,,,,,,,,,,,,,,,,,,,,,HT,8.75000000,8.75000000,0.00000000,0.00000000,,,2023-05-19 15:02:23,,,0,,,0,0.00000000,,,,,,,,,
108,SHS31,New Mexico Home  -  Silver 20oz,0,1,1,,,,,,,,,,,,,,,,,,,,,,,,,,,HT,8.75000000,8.75000000,0.00000000,0.00000000,,,2023-05-19 15:02:24,,,0,,,0,0.00000000,,,,,,,,,
109,SHS32,New York Home  -  Silver 20oz,0,1,1,,,,,,,,,,,,,,,,,,,,,,,,,,,HT,8.75000000,8.75000000,0.00000000,0.00000000,,,2023-05-19 15:02:24,,,0,,,0,0.00000000,,,,,,,,,
110,SHS33,North Carolina Home  -  Silver 20oz,0,1,1,,,,,,,,,,,,,,,,,,,,,,,,,,,HT,8.75000000,8.75000000,0.00000000,0.00000000,,,2023-05-19 15:02:24,,,0,,,0,0.00000000,,,,,,,,,
111,SHS34,North Dakota Home  -  Silver 20oz,0,1,1,,,,,,,,,,,,,,,,,,,,,,,,,,,HT,8.75000000,8.75000000,0.00000000,0.00000000,,,2023-05-19 15:02:24,,,0,,,0,0.00000000,,,,,,,,,
112,SHS35,Ohio Home  -  Silver 20oz,0,1,1,,,,,,,,,,,,,,,,,,,,,,,,,,,HT,8.75000000,8.75000000,0.00000000,0.00000000,,,2023-05-19 15:02:25,,,0,,,0,0.00000000,,,,,,,,,
113,SHS36,Oklahoma Home  -  Silver 20oz,0,1,1,,,,,,,,,,,,,,,,,,,,,,,,,,,HT,8.75000000,8.75000000,0.00000000,0.00000000,,,2023-05-19 15:02:25,,,0,,,0,0.00000000,,,,,,,,,
114,SHS37,Oregon Home  -  Silver 20oz,0,1,1,,,,,,,,,,,,,,,,,,,,,,,,,,,HT,8.75000000,8.75000000,0.00000000,0.00000000,,,2023-05-19 15:02:25,,,0,,,0,0.00000000,,,,,,,,,
115,SHS38,Pennsylvania Home  -  Silver 20oz,0,1,1,,,,,,,,,,,,,,,,,,,,,,,,,,,HT,8.75000000,8.75000000,0.00000000,0.00000000,,,2023-05-19 15:02:25,,,0,,,0,0.00000000,,,,,,,,,
116,SHS39,Rhode Island Home  -  Silver 20oz,0,1,1,,,,,,,,,,,,,,,,,,,,,,,,,,,HT,8.75000000,8.75000000,0.00000000,0.00000000,,,2023-05-19 15:02:25,,,0,,,0,0.00000000,,,,,,,,,
117,SHS40,South Carolina Home  -  Silver 20oz,0,1,1,,,,,,,,,,,,,,,,,,,,,,,,,,,HT,8.75000000,8.75000000,0.00000000,0.00000000,,,2023-05-19 15:02:25,,,0,,,0,0.00000000,,,,,,,,,
118,SHS41,South Dakota Home  -  Silver 20oz,0,1,1,,,,,,,,,,,,,,,,,,,,,,,,,,,HT,8.75000000,8.75000000,0.00000000,0.00000000,,,2023-05-19 15:02:25,,,0,,,0,0.00000000,,,,,,,,,
119,SHS42,Tennessee Home  -  Silver 20oz,0,1,1,,,,,,,,,,,,,,,,,,,,,,,,,,,HT,8.75000000,8.75000000,0.00000000,0.00000000,,,2023-05-19 15:02:26,,,0,,,0,0.00000000,,,,,,,,,
120,SHS44,Utah Home  -  Silver 20oz,0,1,1,,,,,,,,,,,,,,,,,,,,,,,,,,,HT,8.75000000,8.75000000,0.00000000,0.00000000,,,2023-05-19 15:02:26,,,0,,,0,0.00000000,,,,,,,,,
121,SHS45,Vermont Home  -  Silver 20oz,0,1,1,,,,,,,,,,,,,,,,,,,,,,,,,,,HT,8.75000000,8.75000000,0.00000000,0.00000000,,,2023-05-19 15:02:26,,,0,,,0,0.00000000,,,,,,,,,
122,SHS46,Virginia Home  -  Silver 20oz,0,1,1,,,,,,,,,,,,,,,,,,,,,,,,,,,HT,8.75000000,8.75000000,0.00000000,0.00000000,,,2023-05-19 15:02:26,,,0,,,0,0.00000000,,,,,,,,,
123,SHS47,Washington Home  -  Silver 20oz,0,1,1,,,,,,,,,,,,,,,,,,,,,,,,,,,HT,8.75000000,8.75000000,0.00000000,0.00000000,,,2023-05-19 15:02:26,,,0,,,0,0.00000000,,,,,,,,,
124,SHS48,West Virginia Home  -  Silver 20oz,0,1,1,,,,,,,,,,,,,,,,,,,,,,,,,,,HT,8.75000000,8.75000000,0.00000000,0.00000000,,,2023-05-19 15:02:26,,,0,,,0,0.00000000,,,,,,,,,
125,SHS49,Wisconsin Home  -  Silver 20oz,0,1,1,,,,,,,,,,,,,,,,,,,,,,,,,,,HT,8.75000000,8.75000000,0.00000000,0.00000000,,,2023-05-19 15:02:27,,,0,,,0,0.00000000,,,,,,,,,
126,SHS50,Wyoming Home  -  Silver 20oz,0,1,1,,,,,,,,,,,,,,,,,,,,,,,,,,,HT,9.35000000,9.35000000,0.00000000,0.00000000,,,2023-05-19 15:02:27,,,0,,,0,0.00000000,,,,,,,,,
127,GP612,Be Kind  -  Pewter 12oz Digital Print,0,1,1,,,,,,,,,,,,,,,,,,,,,,,,,,,HT,9.50000000,9.50000000,0.00000000,0.00000000,,,2023-05-19 15:02:27,,,0,,,0,0.00000000,,2,,,,,,,
128,GP613,You Never Know  -  Cranberry 12oz Digital Print,0,1,1,,,,,,,,,,,,,,,,,,,,,,,,,,,HT,9.50000000,9.50000000,0.00000000,0.00000000,,,2023-05-19 15:02:27,,,0,,,0,0.00000000,,2,,,,,,,
129,GP614,Life's Better  -  Blue 12oz Digital Print,0,1,1,,,,,,,,,,,,,,,,,,,,,,,,,,,HT,9.50000000,9.50000000,0.00000000,0.00000000,,,2023-05-19 15:02:27,,,0,,,0,0.00000000,,2,,,,,,,
130,GP615,Rude & Sarcastic  -  Rose Gold 12oz Digital Print,0,1,1,,,,,,,,,,,,,,,,,,,,,,,,,,,HT,9.50000000,9.50000000,0.00000000,0.00000000,,,2023-05-19 15:02:27,,,0,,,0,0.00000000,,2,,,,,,,
131,GP616,I'll Do It Tomorrow  -  Green 12oz Digital Print,0,1,1,,,,,,,,,,,,,,,,,,,,,,,,,,,HT,9.50000000,9.50000000,0.00000000,0.00000000,,,2023-05-19 15:02:28,,,0,,,0,0.00000000,,2,,,,,,,
132,GP617,Keep Calm Rock On  -  White 12oz Digital Print,0,1,1,,,,,,,,,,,,,,,,,,,,,,,,,,,HT,9.50000000,9.50000000,0.00000000,0.00000000,,,2023-05-19 15:02:28,,,0,,,0,0.00000000,,2,,,,,,,
235,RHSC3173,RANCH HOUSE SNACK STICKS  - ALL BEEF,0,1,1,,,,,,,,,,,,,,,,,,,,,,,,,,,HT,5.29000000,5.29000000,0.00000000,0.00000000,,,2023-05-19 15:02:28,,,0,,,0,0.00000000,,,,,,,,,
236,RHSC3647,RANCH HOUSE SNACK STICKS  - PEPPERED FLAVOR,0,1,1,,,,,,,,,,,,,,,,,,,,,,,,,,,HT,5.29000000,5.29000000,0.00000000,0.00000000,,,2023-05-19 15:02:28,,,0,,,0,0.00000000,,,,,,,,,
237,RHSC3494,RANCH HOUSE SNACK STICKS  - TERIYAKI FLAVORED,0,1,1,,,,,,,,,,,,,,,,,,,,,,,,,,,HT,5.29000000,5.29000000,0.00000000,0.00000000,,,2023-05-19 15:02:28,,,0,,,0,0.00000000,,,,,,,,,
238,RHSC3197,RANCH HOUSE SNACK STICKS  - TEXAS BBQ FLAVORED,0,1,1,,,,,,,,,,,,,,,,,,,,,,,,,,,HT,5.29000000,5.29000000,0.00000000,0.00000000,,,2023-05-19 15:02:29,,,0,,,0,0.00000000,,,,,,,,,
239,RHSC3074,RANCH HOUSE JERKY - ORIGINAL,0,1,1,,,,,,,,,,,,,,,,,,,,,,,,,,,HT,6.88000000,6.88000000,0.00000000,0.00000000,,,2023-05-19 15:02:29,,,0,,,0,0.00000000,,,,,,,,,
240,RHSC3067,RANCH HOUSE JERKY  - PEPPERED ,0,1,1,,,,,,,,,,,,,,,,,,,,,,,,,,,HT,6.88000000,6.88000000,0.00000000,0.00000000,,,2023-05-19 15:02:29,,,0,,,0,0.00000000,,,,,,,,,
241,RHSC3098,RANCH HOUSE JERKY  - TERIYAKI,0,1,1,,,,,,,,,,,,,,,,,,,,,,,,,,,HT,6.88000000,6.88000000,0.00000000,0.00000000,,,2023-05-19 15:02:29,,,0,,,0,0.00000000,,,,,,,,,
242,RHSC3524,RANCH HOUSE JERKY  - GARLIC PEPPER,0,1,1,,,,,,,,,,,,,,,,,,,,,,,,,,,HT,6.88000000,6.88000000,0.00000000,0.00000000,,,2023-05-19 15:02:29,,,0,,,0,0.00000000,,,,,,,,,
243,RHSC3869,RANCH HOUSE SUMMER SAUSAGE - GARLIC,0,1,1,,,,,,,,,,,,,,,,,,,,,,,,,,,HT,5.39000000,5.39000000,0.00000000,0.00000000,,,2023-05-19 15:02:30,,,0,,,0,0.00000000,,,,,,,,,
244,RHSC3906,RANCH HOUSE SUMMER SAUSAGE - SALAMI,0,1,1,,,,,,,,,,,,,,,,,,,,,,,,,,,HT,5.39000000,5.39000000,0.00000000,0.00000000,,,2023-05-19 15:02:30,,,0,,,0,0.00000000,,,,,,,,,
245,RHSC3838,RANCH HOUSE SUMMER SAUSAGE - SUMMER,0,1,1,,,,,,,,,,,,,,,,,,,,,,,,,,,HT,5.39000000,5.39000000,0.00000000,0.00000000,,,2023-05-19 15:02:30,,,0,,,0,0.00000000,,,,,,,,,
246,10668-07527,CAMERON'S COFFEE GROUND - HIGHLAND GROG - 12 OZ,0,1,1,,,,,,,,,,,,,,,,,,,,,,,,,,,HT,7.00000000,7.00000000,0.00000000,0.00000000,0.000,,2023-06-16 11:04:51,,,0,,,0,0.00000000,,,,,,,,,
247,10668-07532,CAMERON'S COFFEE GROUND - VANILLA HAZELNUT - 12 OZ,0,1,1,,,,,,,,,,,,,,,,,,,,,,,,,,,HT,7.00000000,7.00000000,0.00000000,0.00000000,0.000,,2023-06-16 11:04:52,,,0,,,0,0.00000000,,,,,,,,,
248,10668-07502,CAMERON'S COFFEE GROUND - TOASTED SOUTHERN PECAN - 12 OZ,0,1,1,,,,,,,,,,,,,,,,,,,,,,,,,,,HT,7.00000000,7.00000000,0.00000000,0.00000000,0.000,,2023-05-24 14:00:35,,,0,,,0,0.00000000,,,,,,,,,
250,10668-07422,CAMERON'S COFFEE GROUND - DARK CHOCOLATE MOCHA - 12 OZ,0,1,1,,,,,,,,,,,,,,,,,,,,,,,,,,,HT,7.00000000,7.00000000,0.00000000,0.00000000,0.000,,2023-05-24 14:00:33,,,0,,,0,0.00000000,,,,,,,,,
251,10668-07524,CAMERON'S COFFFEE GROUND - BREAKFAST BLEND - 12 OZ,0,1,1,,,,,,,,,,,,,,,,,,,,,,,,,,,HT,7.00000000,7.00000000,0.00000000,0.00000000,0.000,,2023-06-16 11:04:50,,,0,,,0,0.00000000,,,,,,,,,
252,10668-07519,CAMERON'S COFFEE GROUND - JAMAICAN BLEND - 10 OZ,0,1,1,,,,,,,,,,,,,,,,,,,,,,,,,,,HT,7.00000000,7.00000000,0.00000000,0.00000000,0.000,,2023-05-24 14:00:37,,,0,,,0,0.00000000,,,,,,,,,
253,10668-07521,CAMERON'S COFFEE GROUND - FRENCH ROAST - 10 OZ,0,1,1,,,,,,,,,,,,,,,,,,,,,,,,,,,HT,7.00000000,7.00000000,0.00000000,0.00000000,0.000,,2023-06-16 11:04:50,,,0,,,0,0.00000000,,,,,,,,,
254,10668-30108,CAMERON'S COFFEE ECOPOD - HIGHLANDER GROG - 12 CT,0,1,1,,,,,,,,,,,,,,,,,,,,,,,,,,,HT,7.00000000,7.00000000,0.00000000,0.00000000,0.000,,2023-06-16 11:04:54,,,0,,,0,0.00000000,,,,,,,,,
255,10668-30104,CAMERON'S COFFEE ECOPOD - VANILLA HAZELNUT - 12 CUT,0,1,1,,,,,,,,,,,,,,,,,,,,,,,,,,,HT,7.00000000,7.00000000,0.00000000,0.00000000,0.000,,2023-06-16 11:04:53,,,0,,,0,0.00000000,,,,,,,,,
256,10668-30105,CAMERON'S COFFEE ECOPOD - CHOCOLATE CARAMEL BROWNIE - 12 CT,0,1,1,,,,,,,,,,,,,,,,,,,,,,,,,,,HT,7.00000000,7.00000000,0.00000000,0.00000000,0.000,,2023-06-16 11:04:54,,,0,,,0,0.00000000,,,,,,,,,
257,10668-30100,CAMERON'S COFFEE ECOPOD - BREAKFAST BLEND - 12 CT,0,1,1,,,,,,,,,,,,,,,,,,,,,,,,,,,HT,7.00000000,7.00000000,0.00000000,0.00000000,0.000,,2023-06-16 11:04:52,,,0,,,0,0.00000000,,,,,,,,,
258,10668-30101,CAMERON'S COFFEE ECOPOD - DONUT SHOP - 12 CT,0,1,1,,,,,,,,,,,,,,,,,,,,,,,,,,,HT,7.00000000,7.00000000,0.00000000,0.00000000,0.000,,2023-06-16 11:04:53,,,0,,,0,0.00000000,,,,,,,,,
259,10668-30109,CAMERON'S COFFEE ECOPOD - JAMAICAN BLEND - 12 CT,0,1,1,,,,,,,,,,,,,,,,,,,,,,,,,,,HT,7.00000000,7.00000000,0.00000000,0.00000000,0.000,,2023-06-16 11:04:54,,,0,,,0,0.00000000,,,,,,,,,
260,GB,OG - THE ORIGINAL GARBAGE BAG,0,1,1,,,,,,,,,,,,,,,,,,,,,,,,,,,HT,3.99000000,3.99000000,0.00000000,0.00000000,,,2023-05-19 15:02:33,,,0,,,0,0.00000000,,,,,,,,,
261,C08SS,Baylor - 20oz Sideline Series,0,1,1,,,,,,,,,,,,,,,,,,,,,,,,,,,HT,9.65000000,9.65000000,0.00000000,0.00000000,,,2023-05-19 15:02:33,,,0,,,0,0.00000000,,,,,,,,,
262,C10SS,Butler - 20oz Sideline Series,0,1,1,,,,,,,,,,,,,,,,,,,,,,,,,,,HT,9.65000000,9.65000000,0.00000000,0.00000000,,,2023-05-19 15:02:33,,,0,,,0,0.00000000,,,,,,,,,
263,C13SS,Clemson - 20oz Sideline Series,0,1,1,,,,,,,,,,,,,,,,,,,,,,,,,,,HT,9.65000000,9.65000000,0.00000000,0.00000000,,,2023-05-19 15:02:33,,,0,,,0,0.00000000,,,,,,,,,
264,C14SS,Colorado - 20oz Sideline Series,0,1,1,,,,,,,,,,,,,,,,,,,,,,,,,,,HT,9.65000000,9.65000000,0.00000000,0.00000000,,,2023-05-19 15:02:33,,,0,,,0,0.00000000,,,,,,,,,
265,C15SS,Florida - 20oz Sideline Series,0,1,1,,,,,,,,,,,,,,,,,,,,,,,,,,,HT,9.65000000,9.65000000,0.00000000,0.00000000,,,2023-05-19 15:02:33,,,0,,,0,0.00000000,,,,,,,,,
266,C16SS,Florida State - 20oz Sideline Series,0,1,1,,,,,,,,,,,,,,,,,,,,,,,,,,,HT,9.65000000,9.65000000,0.00000000,0.00000000,,,2023-05-19 15:02:34,,,0,,,0,0.00000000,,,,,,,,,
267,C17SS,Georgia - 20oz Sideline Series,0,1,1,,,,,,,,,,,,,,,,,,,,,,,,,,,HT,9.65000000,9.65000000,0.00000000,0.00000000,,,2023-05-19 15:02:34,,,0,,,0,0.00000000,,,,,,,,,
268,C19SS,Georgia Tech - 20oz Sideline Series,0,1,1,,,,,,,,,,,,,,,,,,,,,,,,,,,HT,9.65000000,9.65000000,0.00000000,0.00000000,,,2023-05-19 15:02:34,,,0,,,0,0.00000000,,,,,,,,,
269,C20SS,Illinois - 20oz Sideline Series,0,1,1,,,,,,,,,,,,,,,,,,,,,,,,,,,HT,9.65000000,9.65000000,0.00000000,0.00000000,,,2023-05-19 15:02:34,,,0,,,0,0.00000000,,,,,,,,,
270,C21SS,Indiana - 20oz Sideline Series,0,1,1,,,,,,,,,,,,,,,,,,,,,,,,,,,HT,9.65000000,9.65000000,0.00000000,0.00000000,,,2023-05-19 15:02:34,,,0,,,0,0.00000000,,,,,,,,,
271,C22SS,Iowa - 20oz Sideline Series,0,1,1,,,,,,,,,,,,,,,,,,,,,,,,,,,HT,9.65000000,9.65000000,0.00000000,0.00000000,,,2023-05-19 15:02:34,,,0,,,0,0.00000000,,,,,,,,,
272,C23SS,Iowa State - 20oz Sideline Series,0,1,1,,,,,,,,,,,,,,,,,,,,,,,,,,,HT,9.65000000,9.65000000,0.00000000,0.00000000,,,2023-05-19 15:02:34,,,0,,,0,0.00000000,,,,,,,,,
273,C24SS,Kansas - 20oz Sideline Series,0,1,1,,,,,,,,,,,,,,,,,,,,,,,,,,,HT,9.65000000,9.65000000,0.00000000,0.00000000,,,2023-05-19 15:02:35,,,0,,,0,0.00000000,,,,,,,,,
274,C25SS,Kansas State - 20oz Sideline Series,0,1,1,,,,,,,,,,,,,,,,,,,,,,,,,,,HT,9.65000000,9.65000000,0.00000000,0.00000000,,,2023-05-19 15:02:35,,,0,,,0,0.00000000,,,,,,,,,
275,C26SS,Kentucky - 20oz Sideline Series,0,1,1,,,,,,,,,,,,,,,,,,,,,,,,,,,HT,9.65000000,9.65000000,0.00000000,0.00000000,,,2023-05-19 15:02:35,,,0,,,0,0.00000000,,,,,,,,,
276,C28SS,Louisville - 20oz Sideline Series,0,1,1,,,,,,,,,,,,,,,,,,,,,,,,,,,HT,9.65000000,9.65000000,0.00000000,0.00000000,,,2023-05-19 15:02:35,,,0,,,0,0.00000000,,,,,,,,,
277,C29SS,LSU - 20oz Sideline Series,0,1,1,,,,,,,,,,,,,,,,,,,,,,,,,,,HT,9.65000000,9.65000000,0.00000000,0.00000000,,,2023-05-19 15:02:36,,,0,,,0,0.00000000,,,,,,,,,
278,C31SS,Memphis - 20oz Sideline Series,0,1,1,,,,,,,,,,,,,,,,,,,,,,,,,,,HT,9.65000000,9.65000000,0.00000000,0.00000000,,,2023-05-19 15:02:36,,,0,,,0,0.00000000,,,,,,,,,
279,C32SS,Miami - 20oz Sideline Series,0,1,1,,,,,,,,,,,,,,,,,,,,,,,,,,,HT,9.65000000,9.65000000,0.00000000,0.00000000,,,2023-05-19 15:02:36,,,0,,,0,0.00000000,,,,,,,,,
280,C33SS,Michigan - 20oz Sideline Series,0,1,1,,,,,,,,,,,,,,,,,,,,,,,,,,,HT,9.65000000,9.65000000,0.00000000,0.00000000,,,2023-05-19 15:02:36,,,0,,,0,0.00000000,,,,,,,,,
281,C34SS,Michigan State - 20oz Sideline Series,0,1,1,,,,,,,,,,,,,,,,,,,,,,,,,,,HT,9.65000000,9.65000000,0.00000000,0.00000000,,,2023-05-19 15:02:37,,,0,,,0,0.00000000,,,,,,,,,
282,C35SS,Minnesota - 20oz Sideline Series,0,1,1,,,,,,,,,,,,,,,,,,,,,,,,,,,HT,9.65000000,9.65000000,0.00000000,0.00000000,,,2023-05-19 15:02:37,,,0,,,0,0.00000000,,,,,,,,,
283,C36SS,Mississippi State - 20oz Sideline Series,0,1,1,,,,,,,,,,,,,,,,,,,,,,,,,,,HT,9.65000000,9.65000000,0.00000000,0.00000000,,,2023-05-19 15:02:37,,,0,,,0,0.00000000,,,,,,,,,
284,C37SS,Missouri - 20oz Sideline Series,0,1,1,,,,,,,,,,,,,,,,,,,,,,,,,,,HT,9.65000000,9.65000000,0.00000000,0.00000000,,,2023-05-19 15:02:37,,,0,,,0,0.00000000,,,,,,,,,
285,C38SS,NC State - 20oz Sideline Series,0,1,1,,,,,,,,,,,,,,,,,,,,,,,,,,,HT,9.65000000,9.65000000,0.00000000,0.00000000,,,2023-05-19 15:02:37,,,0,,,0,0.00000000,,,,,,,,,
286,C39SS,Nebraska - 20oz Sideline Series,0,1,1,,,,,,,,,,,,,,,,,,,,,,,,,,,HT,9.65000000,9.65000000,0.00000000,0.00000000,,,2023-05-19 15:02:38,,,0,,,0,0.00000000,,,,,,,,,
287,C42SS,North Carolina - 20oz Sideline Series,0,1,1,,,,,,,,,,,,,,,,,,,,,,,,,,,HT,9.65000000,9.65000000,0.00000000,0.00000000,,,2023-05-19 15:02:38,,,0,,,0,0.00000000,,,,,,,,,
288,C44SS,Ohio State - 20oz Sideline Series,0,1,1,,,,,,,,,,,,,,,,,,,,,,,,,,,HT,9.65000000,9.65000000,0.00000000,0.00000000,,,2023-05-19 15:02:38,,,0,,,0,0.00000000,,,,,,,,,
289,C45SS,Oklahoma - 20oz Sideline Series,0,1,1,,,,,,,,,,,,,,,,,,,,,,,,,,,HT,9.65000000,9.65000000,0.00000000,0.00000000,,,2023-05-19 15:02:38,,,0,,,0,0.00000000,,,,,,,,,
290,C46SS,Ole Miss - 20oz Sideline Series,0,1,1,,,,,,,,,,,,,,,,,,,,,,,,,,,HT,9.65000000,9.65000000,0.00000000,0.00000000,,,2023-05-19 15:02:38,,,0,,,0,0.00000000,,,,,,,,,
291,C47SS,Oregon - 20oz Sideline Series,0,1,1,,,,,,,,,,,,,,,,,,,,,,,,,,,HT,9.65000000,9.65000000,0.00000000,0.00000000,,,2023-05-19 15:02:39,,,0,,,0,0.00000000,,,,,,,,,
292,C48SS,Oregon State - 20oz Sideline Series,0,1,1,,,,,,,,,,,,,,,,,,,,,,,,,,,HT,9.65000000,9.65000000,0.00000000,0.00000000,,,2023-05-19 15:02:39,,,0,,,0,0.00000000,,,,,,,,,
293,7401,WILLEY GREAT - JALAPENO CHEDDAR,0,1,1,,,,,,,,,,,,,,,,,,,,,,,,,,,HT,5.75000000,5.75000000,0.00000000,0.00000000,,,2023-05-19 15:02:39,,,0,,,0,0.00000000,,,,,,,,,
294,C49SS,Penn State - 20oz Sideline Series,0,1,1,,,,,,,,,,,,,,,,,,,,,,,,,,,HT,9.65000000,9.65000000,0.00000000,0.00000000,,,2023-05-19 15:02:39,,,0,,,0,0.00000000,,,,,,,,,
295,7402,WILLEY GREAT - KETTLE,0,1,1,,,,,,,,,,,,,,,,,,,,,,,,,,,HT,5.75000000,5.75000000,0.00000000,0.00000000,,,2023-05-19 15:02:40,,,0,,,0,0.00000000,,,,,,,,,
296,C51SS,Purdue - 20oz Sideline Series,0,1,1,,,,,,,,,,,,,,,,,,,,,,,,,,,HT,9.65000000,9.65000000,0.00000000,0.00000000,,,2023-05-19 15:02:40,,,0,,,0,0.00000000,,,,,,,,,
297,7404,WILLEY GREAT - CHICAGO STYLE,0,1,1,,,,,,,,,,,,,,,,,,,,,,,,,,,HT,5.75000000,5.75000000,0.00000000,0.00000000,,,2023-05-19 15:02:40,,,0,,,0,0.00000000,,,,,,,,,
298,C52SS,South Carolina - 20oz Sideline Series,0,1,1,,,,,,,,,,,,,,,,,,,,,,,,,,,HT,9.65000000,9.65000000,0.00000000,0.00000000,,,2023-05-19 15:02:40,,,0,,,0,0.00000000,,,,,,,,,
299,7405,WILLEY GREAT - BUTTERY CARAMEL,0,1,1,,,,,,,,,,,,,,,,,,,,,,,,,,,HT,5.75000000,5.75000000,0.00000000,0.00000000,,,2023-05-19 15:02:40,,,0,,,0,0.00000000,,,,,,,,,
300,C54SS,Southern Miss - 20oz Sideline Series,0,1,1,,,,,,,,,,,,,,,,,,,,,,,,,,,HT,9.65000000,9.65000000,0.00000000,0.00000000,,,2023-05-19 15:02:41,,,0,,,0,0.00000000,,,,,,,,,
301,7406,WILLEY GREAT - WHITE CHEDDAR,0,1,1,,,,,,,,,,,,,,,,,,,,,,,,,,,HT,5.75000000,5.75000000,0.00000000,0.00000000,,,2023-05-19 15:02:41,,,0,,,0,0.00000000,,,,,,,,,
302,C55SS,Tennessee - 20oz Sideline Series,0,1,1,,,,,,,,,,,,,,,,,,,,,,,,,,,HT,9.65000000,9.65000000,0.00000000,0.00000000,,,2023-05-19 15:02:41,,,0,,,0,0.00000000,,,,,,,,,
303,7408,WILLEY GREAT - CINNAMON TOAST,0,1,1,,,,,,,,,,,,,,,,,,,,,,,,,,,HT,5.75000000,5.75000000,0.00000000,0.00000000,,,2023-05-19 15:02:41,,,0,,,0,0.00000000,,,,,,,,,
304,C56SS,Texas - 20oz Sideline Series,0,1,1,,,,,,,,,,,,,,,,,,,,,,,,,,,HT,9.65000000,9.65000000,0.00000000,0.00000000,,,2023-05-19 15:02:41,,,0,,,0,0.00000000,,,,,,,,,
305,7409,WILLEY GREAT - CHEDDAR CHEESE,0,1,1,,,,,,,,,,,,,,,,,,,,,,,,,,,HT,5.75000000,5.75000000,0.00000000,0.00000000,,,2023-05-19 15:02:42,,,0,,,0,0.00000000,,,,,,,,,
306,C57SS,Texas A&M - 20oz Sideline Series,0,1,1,,,,,,,,,,,,,,,,,,,,,,,,,,,HT,9.65000000,9.65000000,0.00000000,0.00000000,,,2023-05-19 15:02:42,,,0,,,0,0.00000000,,,,,,,,,
307,7410,WILLEY GREAT - PREMIER MOVIE BUTER,0,1,1,,,,,,,,,,,,,,,,,,,,,,,,,,,HT,5.75000000,5.75000000,0.00000000,0.00000000,,,2023-05-19 15:02:42,,,0,,,0,0.00000000,,,,,,,,,
308,C58SS,Texas Tech - 20oz Sideline Series,0,1,1,,,,,,,,,,,,,,,,,,,,,,,,,,,HT,9.65000000,9.65000000,0.00000000,0.00000000,,,2023-05-19 15:02:42,,,0,,,0,0.00000000,,,,,,,,,
309,7411,WILLEY GREAT - SMOKED BANON AND CHEDDAR,0,1,1,,,,,,,,,,,,,,,,,,,,,,,,,,,HT,5.75000000,5.75000000,0.00000000,0.00000000,,,2023-05-19 15:02:42,,,0,,,0,0.00000000,,,,,,,,,
310,C60SS,Virginia - 20oz Sideline Series,0,1,1,,,,,,,,,,,,,,,,,,,,,,,,,,,HT,9.65000000,9.65000000,0.00000000,0.00000000,,,2023-05-19 15:02:42,,,0,,,0,0.00000000,,,,,,,,,
311,7412,WILLEY GREAT - PATRIOTIC MIX,0,1,1,,,,,,,,,,,,,,,,,,,,,,,,,,,HT,5.75000000,5.75000000,0.00000000,0.00000000,,,2023-05-19 15:02:43,,,0,,,0,0.00000000,,,,,,,,,
312,C61SS,Virginia Tech - 20oz Sideline Series,0,1,1,,,,,,,,,,,,,,,,,,,,,,,,,,,HT,9.65000000,9.65000000,0.00000000,0.00000000,,,2023-05-19 15:02:43,,,0,,,0,0.00000000,,,,,,,,,
313,SOCKS,Rock Your Socks -3 Pack,0,1,1,,,,,,,,,,,,,,,,,,,,,,,,,,,HT,8.25000000,8.25000000,0.00000000,0.00000000,,,2023-05-19 15:02:43,,,0,,,0,0.00000000,,,,,,,,,
314,Corp,Corporate Sales from Online Order,0,1,1,,,,,,,,,,,,,,,,,,,,,,,,,,,HT,178.00000000,178.00000000,0.00000000,0.00000000,,,2023-05-19 15:02:43,,,0,,,0,0.00000000,,,,,,,,,
315,PC1 - 1,National Savings Pass,0,1,1,,,,,,,,,,,,,,,,,,,,,,,,,,,HT,3.00000000,3.00000000,0.00000000,0.00000000,,,2023-05-19 15:05:30,,,0,,,0,0.00000000,,,,,,,,,
316,C62SS,Washington - 20oz Sideline Series,0,1,1,,,,,,,,,,,,,,,,,,,,,,,,,,,HT,9.65000000,9.65000000,0.00000000,0.00000000,,,2023-05-19 15:02:43,,,0,,,0,0.00000000,,,,,,,,,
317,CK02108,HAMMOND'S COOKIES - LEMON RASPBERRY,0,1,1,,,,,,,,,,,,,,,,,,,,,,,,,,,HT,5.35000000,5.35000000,0.00000000,0.00000000,,,2023-05-19 15:02:43,,,0,,,0,0.00000000,,,,,,,,,
318,C63SS,Washington State - 20oz Sideline Series,0,1,1,,,,,,,,,,,,,,,,,,,,,,,,,,,HT,9.65000000,9.65000000,0.00000000,0.00000000,,,2023-05-19 15:02:44,,,0,,,0,0.00000000,,,,,,,,,
319,CK12008,HAMMOND'S COOKIES - PEANUT BUTTER CHOC CHIP,0,1,1,,,,,,,,,,,,,,,,,,,,,,,,,,,HT,5.35000000,5.35000000,0.00000000,0.00000000,,,2023-05-19 15:02:44,,,0,,,0,0.00000000,,,,,,,,,
320,C64SS,West Virginia - 20oz Sideline Series,0,1,1,,,,,,,,,,,,,,,,,,,,,,,,,,,HT,9.65000000,9.65000000,0.00000000,0.00000000,,,2023-05-19 15:02:44,,,0,,,0,0.00000000,,,,,,,,,
321,CK1500,HAMMOND'S COOKIES - SALTED CARAMEL,0,1,1,,,,,,,,,,,,,,,,,,,,,,,,,,,HT,5.35000000,5.35000000,0.00000000,0.00000000,,,2023-05-19 15:02:44,,,0,,,0,0.00000000,,,,,,,,,
322,C66SS,Wisconsin - 20oz Sideline Series,0,1,1,,,,,,,,,,,,,,,,,,,,,,,,,,,HT,9.65000000,9.65000000,0.00000000,0.00000000,,,2023-05-19 15:02:44,,,0,,,0,0.00000000,,,,,,,,,
323,PC1 - 2,Cards,0,1,1,,,,,,,,,,,,,,,,,,,,,,,,,,,HT,0.15000000,0.15000000,0.00000000,0.00000000,,,2023-05-19 15:04:48,,,0,,,0,0.00000000,,,,,,,,,
324,CK14608,HAMMOND'S COOKIES - CHOCOLATE CHIP,0,1,1,,,,,,,,,,,,,,,,,,,,,,,,,,,HT,5.35000000,5.35000000,0.00000000,0.00000000,,,2023-05-19 15:04:48,,,0,,,0,0.00000000,,,,,,,,,
325,2-KT Set,Cards,0,1,1,,,,,,,,,,,,,,,,,,,,,,,,,,,HT,0.25000000,0.25000000,0.00000000,0.00000000,,,2023-05-19 15:04:48,,,0,,,0,0.00000000,,,,,,,,,
326,CK14508,HAMMOND'S COOKIES - BIRTHDAY CAKE,0,1,1,,,,,,,,,,,,,,,,,,,,,,,,,,,HT,5.35000000,5.35000000,0.00000000,0.00000000,,,2023-05-19 15:04:48,,,0,,,0,0.00000000,,,,,,,,,
327,1KT,Cards,0,1,1,,,,,,,,,,,,,,,,,,,,,,,,,,,HT,0.25000000,0.25000000,0.00000000,0.00000000,,,2023-05-19 15:04:49,,,0,,,0,0.00000000,,,,,,,,,
328,BG0140808,HAMMOND'S SNACK MIX - WASSUP WASABI,0,1,1,,,,,,,,,,,,,,,,,,,,,,,,,,,HT,6.10000000,6.10000000,0.00000000,0.00000000,,,2023-05-19 15:04:49,,,0,,,0,0.00000000,,,,,,,,,
329,2KT,Cards,0,1,1,,,,,,,,,,,,,,,,,,,,,,,,,,,HT,0.25000000,0.25000000,0.00000000,0.00000000,,,2023-05-19 15:04:49,,,0,,,0,0.00000000,,,,,,,,,
330,BG0210808,HAMMOND'S SNACK MIX - TRAILBLAZER,0,1,1,,,,,,,,,,,,,,,,,,,,,,,,,,,HT,6.10000000,6.10000000,0.00000000,0.00000000,,,2023-05-19 15:04:49,,,0,,,0,0.00000000,,,,,,,,,
331,3KT,Cards,0,1,1,,,,,,,,,,,,,,,,,,,,,,,,,,,HT,0.27000000,0.27000000,0.00000000,0.00000000,,,2023-05-19 15:04:50,,,0,,,0,0.00000000,,,,,,,,,
332,BG0220808,HAMMOND'S SNACK MIX - SUNNY DAY,0,1,1,,,,,,,,,,,,,,,,,,,,,,,,,,,HT,6.10000000,6.10000000,0.00000000,0.00000000,,,2023-05-19 15:04:50,,,0,,,0,0.00000000,,,,,,,,,
333,4KT  ,Cards,0,1,1,,,,,,,,,,,,,,,,,,,,,,,,,,,HT,0.40000000,0.40000000,0.00000000,0.00000000,,,2023-05-19 15:04:50,,,0,,,0,0.00000000,,,,,,,,,
334,BG0170808,HAMMOND'S SNACK MIX - MIDNIGHT,0,1,1,,,,,,,,,,,,,,,,,,,,,,,,,,,HT,6.10000000,6.10000000,0.00000000,0.00000000,,,2023-05-19 15:04:50,,,0,,,0,0.00000000,,,,,,,,,
335,5KT ,Cards,0,1,1,,,,,,,,,,,,,,,,,,,,,,,,,,,HT,0.36000000,0.36000000,0.00000000,0.00000000,,,2023-05-19 15:04:50,,,0,,,0,0.00000000,,,,,,,,,
336,BG0200808,HAMMOND'S SNACK MIX - CRANTASTIC,0,1,1,,,,,,,,,,,,,,,,,,,,,,,,,,,HT,6.10000000,6.10000000,0.00000000,0.00000000,,,2023-05-19 15:04:51,,,0,,,0,0.00000000,,,,,,,,,
337,6KT ,Cards,0,1,1,,,,,,,,,,,,,,,,,,,,,,,,,,,HT,0.35000000,0.35000000,0.00000000,0.00000000,,,2023-05-19 15:04:51,,,0,,,0,0.00000000,,,,,,,,,
338,ZP014206,HAMOND'S POPCORN - NATAURAL CARAMEL CHOCOLATE,0,1,1,,,,,,,,,,,,,,,,,,,,,,,,,,,HT,5.10000000,5.10000000,0.00000000,0.00000000,,,2023-05-19 15:04:51,,,0,,,0,0.00000000,,,,,,,,,
339,7KT ,Cards,0,1,1,,,,,,,,,,,,,,,,,,,,,,,,,,,HT,0.38000000,0.38000000,0.00000000,0.00000000,,,2023-05-19 15:04:52,,,0,,,0,0.00000000,,,,,,,,,
340,ZP013606,HAMMOND'S POPCORN - NATURAL CARAMEL CORN,0,1,1,,,,,,,,,,,,,,,,,,,,,,,,,,,HT,5.10000000,5.10000000,0.00000000,0.00000000,,,2023-05-19 15:04:52,,,0,,,0,0.00000000,,,,,,,,,
341,9KT ,Cards,0,1,1,,,,,,,,,,,,,,,,,,,,,,,,,,,HT,0.38000000,0.38000000,0.00000000,0.00000000,,,2023-05-19 15:04:52,,,0,,,0,0.00000000,,,,,,,,,
342,ZP012906,HAMMOND'S POPCORN - NATURAL SWEET & CHEESY,0,1,1,,,,,,,,,,,,,,,,,,,,,,,,,,,HT,5.10000000,5.10000000,0.00000000,0.00000000,,,2023-05-19 15:04:52,,,0,,,0,0.00000000,,,,,,,,,
343,12KT,Cards,0,1,1,,,,,,,,,,,,,,,,,,,,,,,,,,,HT,0.45000000,0.45000000,0.00000000,0.00000000,,,2023-05-19 15:04:52,,,0,,,0,0.00000000,,,,,,,,,
344,ZP015106,HAMMOND'S POPCORN - SUGARY CHURRO,0,1,1,,,,,,,,,,,,,,,,,,,,,,,,,,,HT,5.10000000,5.10000000,0.00000000,0.00000000,,,2023-05-19 15:04:53,,,0,,,0,0.00000000,,,,,,,,,
345,5KT/8 Breakway,Cards,0,1,1,,,,,,,,,,,,,,,,,,,,,,,,,,,HT,0.50000000,0.50000000,0.00000000,0.00000000,,,2023-05-19 15:04:53,,,0,,,0,0.00000000,,,,,,,,,
346,ZP018006,HAMMOND'S POPCORN - BIRTHDAY CAKE,0,1,1,,,,,,,,,,,,,,,,,,,,,,,,,,,HT,5.10000000,5.10000000,0.00000000,0.00000000,,,2023-05-19 15:04:53,,,0,,,0,0.00000000,,,,,,,,,
347,2KT / 10 Breakway,Cards,0,1,1,,,,,,,,,,,,,,,,,,,,,,,,,,,HT,0.42000000,0.42000000,0.00000000,0.00000000,,,2023-05-19 15:04:53,,,0,,,0,0.00000000,,,,,,,,,
348,LE619,Black Tahoe 20oz - Custom 1 Laser Etched,0,1,1,,,,,,,,,,,,,,,,,,,,,,,,,,,HT,9.35000000,9.35000000,0.00000000,0.00000000,,,2023-05-19 15:04:53,,,0,,,0,0.00000000,,,,,,,,,
349,3KT / 8 Breakway,Cards,0,1,1,,,,,,,,,,,,,,,,,,,,,,,,,,,HT,0.42000000,0.42000000,0.00000000,0.00000000,,,2023-05-19 15:04:53,,,0,,,0,0.00000000,,,,,,,,,
350,LE6020,Black Tahoe 20oz - Custom 2 Laser Etched,0,1,1,,,,,,,,,,,,,,,,,,,,,,,,,,,HT,9.35000000,9.35000000,0.00000000,0.00000000,,,2023-05-19 15:04:54,,,0,,,0,0.00000000,,,,,,,,,
351,3KT / 16 Breakway,Cards,0,1,1,,,,,,,,,,,,,,,,,,,,,,,,,,,HT,0.50000000,0.50000000,0.00000000,0.00000000,,,2023-05-19 15:04:54,,,0,,,0,0.00000000,,,,,,,,,
352,621B,Black Tahoe 20oz - Blank,0,1,1,,,,,,,,,,,,,,,,,,,,,,,,,,,HT,9.35000000,9.35000000,0.00000000,0.00000000,,,2023-05-19 15:04:54,,,0,,,0,0.00000000,,,,,,,,,
353,5KT /12 Breakway ,Cards ,0,1,1,,,,,,,,,,,,,,,,,,,,,,,,,,,HT,0.50000000,0.50000000,0.00000000,0.00000000,,,2023-05-19 15:04:55,,,0,,,0,0.00000000,,,,,,,,,
354,LE622,White Tahoe 20oz - Custom 1 Laser Etched,0,1,1,,,,,,,,,,,,,,,,,,,,,,,,,,,HT,9.35000000,9.35000000,0.00000000,0.00000000,,,2023-05-19 15:04:55,,,0,,,0,0.00000000,,,,,,,,,
355,48 Coupon Tickets,Tickets,0,1,1,,,,,,,,,,,,,,,,,,,,,,,,,,,HT,0.43000000,0.43000000,0.00000000,0.00000000,,,2023-05-19 15:04:55,,,0,,,0,0.00000000,,,,,,,,,
356,LE623,White Tahoe 20oz - Custom 2 Laser Etched,0,1,1,,,,,,,,,,,,,,,,,,,,,,,,,,,HT,9.35000000,9.35000000,0.00000000,0.00000000,,,2023-05-19 15:04:55,,,0,,,0,0.00000000,,,,,,,,,
357,64 Coupon Tickets,Tickets,0,1,1,,,,,,,,,,,,,,,,,,,,,,,,,,,HT,0.50000000,0.50000000,0.00000000,0.00000000,,,2023-05-19 15:04:55,,,0,,,0,0.00000000,,,,,,,,,
358,624B,White Tahoe 20oz - Blank,0,1,1,,,,,,,,,,,,,,,,,,,,,,,,,,,HT,9.35000000,9.35000000,0.00000000,0.00000000,,,2023-05-19 15:04:55,,,0,,,0,0.00000000,,,,,,,,,
360,DP625,Silver Tahoe 20oz - Custom 1 Digital Print,0,1,1,,,,,,,,,,,,,,,,,,,,,,,,,,,HT,9.35000000,9.35000000,0.00000000,0.00000000,,,2023-05-19 15:04:56,,,0,,,0,0.00000000,,,,,,,,,
362,DP626,Silver Tahoe 20oz - Custom 2 Digital Print,0,1,1,,,,,,,,,,,,,,,,,,,,,,,,,,,HT,9.35000000,9.35000000,0.00000000,0.00000000,,,2023-05-19 15:04:56,,,0,,,0,0.00000000,,,,,,,,,
364,627B,Silver Tahoe 20oz - Blank,0,1,1,,,,,,,,,,,,,,,,,,,,,,,,,,,HT,9.35000000,9.35000000,0.00000000,0.00000000,,,2023-05-19 15:04:57,,,0,,,0,0.00000000,,,,,,,,,
366,LE628,Royal Blue Tahoe 20oz - Custom 1 Laser Etched,0,1,1,,,,,,,,,,,,,,,,,,,,,,,,,,,HT,9.35000000,9.35000000,0.00000000,0.00000000,,,2023-05-19 15:04:57,,,0,,,0,0.00000000,,,,,,,,,
367,NATIONAL BROCHURE,NATIONAL BROCHURE,0,1,1,,,,,,,,,,,,,,,,,,,,,,,,,,,HT,0.35000000,0.35000000,0.00000000,0.00000000,,,2023-05-19 15:04:57,,,0,,,0,0.00000000,,,,,,,,,
368,LE629,Royal Blue Tahoe 20oz - Custom 2 Laser Etched,0,1,1,,,,,,,,,,,,,,,,,,,,,,,,,,,HT,9.35000000,9.35000000,0.00000000,0.00000000,,,2023-05-19 15:04:57,,,0,,,0,0.00000000,,,,,,,,,
370,630B,Royal Blue Tahoe 20oz - Blank,0,1,1,,,,,,,,,,,,,,,,,,,,,,,,,,,HT,9.35000000,9.35000000,0.00000000,0.00000000,,,2023-05-19 15:04:58,,,0,,,0,0.00000000,,,,,,,,,
371,LE401,Black Kendal - Custom,0,1,1,,,,,,,,,,,,,,,,,,,,,,,,,,,HT,8.90000000,8.90000000,0.00000000,0.00000000,,,2023-05-19 15:04:58,,,0,,,0,0.00000000,,,,,,,,,
372,LE631,Red Tahoe 20oz - Custom 1 Laser Etched,0,1,1,,,,,,,,,,,,,,,,,,,,,,,,,,,HT,9.35000000,9.35000000,0.00000000,0.00000000,,,2023-05-19 15:04:58,,,0,,,0,0.00000000,,,,,,,,,
373,LE402,Black Kendal - Custom #2,0,1,1,,,,,,,,,,,,,,,,,,,,,,,,,,,HT,8.90000000,8.90000000,0.00000000,0.00000000,,,2023-05-19 15:04:58,,,0,,,0,0.00000000,,,,,,,,,
374,LE632,Red Tahoe 20oz - Custom 2 Laser Etched,0,1,1,,,,,,,,,,,,,,,,,,,,,,,,,,,HT,9.35000000,9.35000000,0.00000000,0.00000000,,,2023-05-19 15:04:58,,,0,,,0,0.00000000,,,,,,,,,
375,633B,Red Tahoe 20oz - Blank,0,1,1,,,,,,,,,,,,,,,,,,,,,,,,,,,HT,9.35000000,9.35000000,0.00000000,0.00000000,,,2023-05-19 15:04:59,,,0,,,0,0.00000000,,,,,,,,,
376,LE404,White Kendal - Custom,0,1,1,,,,,,,,,,,,,,,,,,,,,,,,,,,HT,8.90000000,8.90000000,0.00000000,0.00000000,,,2023-05-19 15:04:59,,,0,,,0,0.00000000,,,,,,,,,
377,LE707,White Aspen 12oz - Custom 1 Laser Etched,0,1,1,,,,,,,,,,,,,,,,,,,,,,,,,,,HT,8.90000000,8.90000000,0.00000000,0.00000000,,,2023-05-19 15:04:59,,,0,,,0,0.00000000,,,,,,,,,
378,LE405,White Kendal - Custom #2,0,1,1,,,,,,,,,,,,,,,,,,,,,,,,,,,HT,8.90000000,8.90000000,0.00000000,0.00000000,,,2023-05-19 15:04:59,,,0,,,0,0.00000000,,,,,,,,,
379,LE708,White Aspen 12oz - Custom 2 Laser Etched,0,1,1,,,,,,,,,,,,,,,,,,,,,,,,,,,HT,8.90000000,8.90000000,0.00000000,0.00000000,,,2023-05-19 15:04:59,,,0,,,0,0.00000000,,,,,,,,,
380,LE452,Purple Kendal - Custom,0,1,1,,,,,,,,,,,,,,,,,,,,,,,,,,,HT,8.90000000,8.90000000,0.00000000,0.00000000,,,2023-05-19 15:05:00,,,0,,,0,0.00000000,,,,,,,,,
381,709B,White Aspen 12oz - Blank,0,1,1,,,,,,,,,,,,,,,,,,,,,,,,,,,HT,8.90000000,8.90000000,0.00000000,0.00000000,0.000,,2023-05-24 12:47:25,,,0,,,0,0.00000000,,,,,,,,,
382,LE453,Purple Kendal - Custom #2,0,1,1,,,,,,,,,,,,,,,,,,,,,,,,,,,HT,8.90000000,8.90000000,0.00000000,0.00000000,,,2023-05-19 15:05:00,,,0,,,0,0.00000000,,,,,,,,,
383,DP710,Silver Aspen 12oz - Custom 1 Digital Print,0,1,1,,,,,,,,,,,,,,,,,,,,,,,,,,,HT,8.90000000,8.90000000,0.00000000,0.00000000,,,2023-05-19 15:05:00,,,0,,,0,0.00000000,,,,,,,,,
384,LE428,Black Alpine - Custom ,0,1,1,,,,,,,,,,,,,,,,,,,,,,,,,,,HT,9.50000000,9.50000000,0.00000000,0.00000000,,,2023-05-19 15:05:00,,,0,,,0,0.00000000,,,,,,,,,
385,DP711,Silver Aspen 12oz - Custom 2 Digital Print,0,1,1,,,,,,,,,,,,,,,,,,,,,,,,,,,HT,8.90000000,8.90000000,0.00000000,0.00000000,,,2023-05-19 15:05:01,,,0,,,0,0.00000000,,,,,,,,,
386,LE429,Black Alpine - Custom #2,0,1,1,,,,,,,,,,,,,,,,,,,,,,,,,,,HT,9.50000000,9.50000000,0.00000000,0.00000000,,,2023-05-19 15:05:01,,,0,,,0,0.00000000,,,,,,,,,
387,712B,Silver Aspen 12oz - Blank,0,1,1,,,,,,,,,,,,,,,,,,,,,,,,,,,HT,8.90000000,8.90000000,0.00000000,0.00000000,,,2023-05-19 15:05:01,,,0,,,0,0.00000000,,,,,,,,,
388,LE431,White Alpine - Custom ,0,1,1,,,,,,,,,,,,,,,,,,,,,,,,,,,HT,9.50000000,9.50000000,0.00000000,0.00000000,,,2023-05-19 15:05:01,,,0,,,0,0.00000000,,,,,,,,,
389,LE432,White Alpine - Custom #2,0,1,1,,,,,,,,,,,,,,,,,,,,,,,,,,,HT,9.50000000,9.50000000,0.00000000,0.00000000,,,2023-05-19 15:05:01,,,0,,,0,0.00000000,,,,,,,,,
390,LELWB202 - 1,Black Polar Camel 32oz - Custom 1 Laser Etched,0,1,1,,,,,,,,,,,,,,,,,,,,,,,,,,,HT,15.00000000,15.00000000,0.00000000,0.00000000,,,2023-05-19 15:05:02,,,0,,,0,0.00000000,,,,,,,,,
391,DP461,Silver Alpine - Custom,0,1,1,,,,,,,,,,,,,,,,,,,,,,,,,,,HT,9.50000000,9.50000000,0.00000000,0.00000000,,,2023-05-19 15:05:02,,,0,,,0,0.00000000,,,,,,,,,
392,LELWB202 - 2,Black Polar Camel 32oz - Custom 2 Laser Etched,0,1,1,,,,,,,,,,,,,,,,,,,,,,,,,,,HT,15.00000000,15.00000000,0.00000000,0.00000000,,,2023-05-19 15:05:02,,,0,,,0,0.00000000,,,,,,,,,
393,LWB202B,Black Polar Camel 32oz - Blank,0,1,1,,,,,,,,,,,,,,,,,,,,,,,,,,,HT,15.00000000,15.00000000,0.00000000,0.00000000,,,2023-05-19 15:05:02,,,0,,,0,0.00000000,,,,,,,,,
394,DP462,Silver Alpine - Custom #2,0,1,1,,,,,,,,,,,,,,,,,,,,,,,,,,,HT,9.50000000,9.50000000,0.00000000,0.00000000,,,2023-05-19 15:05:02,,,0,,,0,0.00000000,,,,,,,,,
395,LE801,Black St. Regis - Custom,0,1,1,,,,,,,,,,,,,,,,,,,,,,,,,,,HT,10.45000000,10.45000000,0.00000000,0.00000000,,,2023-05-19 15:05:03,,,0,,,0,0.00000000,,,,,,,,,
396,LELWB203 - 1,Red Polar Camel 32oz - Custom 1 Laser Etched,0,1,1,,,,,,,,,,,,,,,,,,,,,,,,,,,HT,15.00000000,15.00000000,0.00000000,0.00000000,,,2023-05-19 15:05:03,,,0,,,0,0.00000000,,,,,,,,,
397,LE804,White St. Regis -Custom ,0,1,1,,,,,,,,,,,,,,,,,,,,,,,,,,,HT,10.45000000,10.45000000,0.00000000,0.00000000,,,2023-05-19 15:05:03,,,0,,,0,0.00000000,,,,,,,,,
398,LELWB203 - 2,Red  Polar Camel 32oz - Custom 2 Laser Etched,0,1,1,,,,,,,,,,,,,,,,,,,,,,,,,,,HT,15.00000000,15.00000000,0.00000000,0.00000000,,,2023-05-19 15:05:03,,,0,,,0,0.00000000,,,,,,,,,
399,LWB203B,Red Polar Camel 32oz - Blank,0,1,1,,,,,,,,,,,,,,,,,,,,,,,,,,,HT,15.00000000,15.00000000,0.00000000,0.00000000,,,2023-05-19 15:05:03,,,0,,,0,0.00000000,,,,,,,,,
400,LE869,Black Soho -Custom ,0,1,1,,,,,,,,,,,,,,,,,,,,,,,,,,,HT,9.65000000,9.65000000,0.00000000,0.00000000,,,2023-05-19 15:05:04,,,0,,,0,0.00000000,,,,,,,,,
401,LE870,Black Soho -Custom #2,0,1,1,,,,,,,,,,,,,,,,,,,,,,,,,,,HT,9.65000000,9.65000000,0.00000000,0.00000000,,,2023-05-19 15:05:04,,,0,,,0,0.00000000,,,,,,,,,
402,LELWB204 - 1,Royal Blue Polar Camel 32oz - Custom 1 Laser Etched,0,1,1,,,,,,,,,,,,,,,,,,,,,,,,,,,HT,15.00000000,15.00000000,0.00000000,0.00000000,,,2023-05-19 15:05:04,,,0,,,0,0.00000000,,,,,,,,,
403,LELWB204 - 2,Royal Blue Polar Camel 32oz - Custom 2 Laser Etched,0,1,1,,,,,,,,,,,,,,,,,,,,,,,,,,,HT,15.00000000,15.00000000,0.00000000,0.00000000,,,2023-05-19 15:05:04,,,0,,,0,0.00000000,,,,,,,,,
404,LWB204B,Royal Blue Polar Camel 32oz - Blank,0,1,1,,,,,,,,,,,,,,,,,,,,,,,,,,,HT,15.00000000,15.00000000,0.00000000,0.00000000,,,2023-05-19 15:05:04,,,0,,,0,0.00000000,,,,,,,,,
405,LELWB205 - 1,Hot Pink Polar Camel 32oz - Custom 1 Laser Etched,0,1,1,,,,,,,,,,,,,,,,,,,,,,,,,,,HT,15.00000000,15.00000000,0.00000000,0.00000000,,,2023-05-19 15:05:04,,,0,,,0,0.00000000,,,,,,,,,
406,LELWB205 - 2,Hot Pink Polar Camel 32oz - Custom 2 Laser Etched,0,1,1,,,,,,,,,,,,,,,,,,,,,,,,,,,HT,15.00000000,15.00000000,0.00000000,0.00000000,,,2023-05-19 15:05:04,,,0,,,0,0.00000000,,,,,,,,,
407,LWB205B,Hot Pink Polar Camel 32oz - Blank,0,1,1,,,,,,,,,,,,,,,,,,,,,,,,,,,HT,15.00000000,15.00000000,0.00000000,0.00000000,,,2023-05-19 15:05:05,,,0,,,0,0.00000000,,,,,,,,,
408,LELWB211 - 1,Navy Blue Polar Camel 32oz - Custom 1 Laser Etched,0,1,1,,,,,,,,,,,,,,,,,,,,,,,,,,,HT,15.00000000,15.00000000,0.00000000,0.00000000,,,2023-05-19 15:05:05,,,0,,,0,0.00000000,,,,,,,,,
409,LELWB211 - 2,Navy Blue Polar Camel 32oz - Custom 2 Laser Etched,0,1,1,,,,,,,,,,,,,,,,,,,,,,,,,,,HT,15.00000000,15.00000000,0.00000000,0.00000000,,,2023-05-19 15:05:05,,,0,,,0,0.00000000,,,,,,,,,
410,LWB211B,Navy Polar Camel 32oz - Blank,0,1,1,,,,,,,,,,,,,,,,,,,,,,,,,,,HT,15.00000000,15.00000000,0.00000000,0.00000000,,,2023-05-19 15:05:05,,,0,,,0,0.00000000,,,,,,,,,
411,LELWB212 - 1,Orange Polar Camel 32oz - Custom 1 Laser Etched,0,1,1,,,,,,,,,,,,,,,,,,,,,,,,,,,HT,15.00000000,15.00000000,0.00000000,0.00000000,,,2023-05-19 15:05:05,,,0,,,0,0.00000000,,,,,,,,,
412,LELWB212 - 2,Orange Polar Camel 32oz - Custom 2 Laser Etched,0,1,1,,,,,,,,,,,,,,,,,,,,,,,,,,,HT,15.00000000,15.00000000,0.00000000,0.00000000,,,2023-05-19 15:05:05,,,0,,,0,0.00000000,,,,,,,,,
413,LWB212B,Orange Polar Camel 32oz - Blank,0,1,1,,,,,,,,,,,,,,,,,,,,,,,,,,,HT,15.00000000,15.00000000,0.00000000,0.00000000,,,2023-05-19 15:05:06,,,0,,,0,0.00000000,,,,,,,,,
414,LELWB213 - 1,Maroon Polar Camel 32oz - Custom 1 Laser Etched,0,1,1,,,,,,,,,,,,,,,,,,,,,,,,,,,HT,15.00000000,15.00000000,0.00000000,0.00000000,,,2023-05-19 15:05:06,,,0,,,0,0.00000000,,,,,,,,,
415,LELWB213 - 2,Maroon Polar Camel 32oz - Custom 2 Laser Etched,0,1,1,,,,,,,,,,,,,,,,,,,,,,,,,,,HT,15.00000000,15.00000000,0.00000000,0.00000000,,,2023-05-19 15:05:06,,,0,,,0,0.00000000,,,,,,,,,
416,LWB213B,Maroon Polar Camel 32oz - Blank,0,1,1,,,,,,,,,,,,,,,,,,,,,,,,,,,HT,15.00000000,15.00000000,0.00000000,0.00000000,,,2023-05-19 15:05:06,,,0,,,0,0.00000000,,,,,,,,,
417,LELWB214 - 1,White Polar Camel 32oz - Custom 1 Laser Etched,0,1,1,,,,,,,,,,,,,,,,,,,,,,,,,,,HT,15.00000000,15.00000000,0.00000000,0.00000000,,,2023-05-19 15:05:06,,,0,,,0,0.00000000,,,,,,,,,
418,LELWB214 - 2,White Polar Camel 32oz - Custom 2 Laser Etched,0,1,1,,,,,,,,,,,,,,,,,,,,,,,,,,,HT,15.00000000,15.00000000,0.00000000,0.00000000,,,2023-05-19 15:05:07,,,0,,,0,0.00000000,,,,,,,,,
419,LWB214B,White Polar Camel 32oz - Blank,0,1,1,,,,,,,,,,,,,,,,,,,,,,,,,,,HT,15.00000000,15.00000000,0.00000000,0.00000000,,,2023-05-19 15:05:07,,,0,,,0,0.00000000,,,,,,,,,
420,LELWB215 - 1,Green Polar Camel 32oz - Custom 1 Laser Etched,0,1,1,,,,,,,,,,,,,,,,,,,,,,,,,,,HT,15.00000000,15.00000000,0.00000000,0.00000000,,,2023-05-19 15:05:07,,,0,,,0,0.00000000,,,,,,,,,
421,LELWB215 - 2,Green Polar Camel 32oz - Custom 2 Laser Etched,0,1,1,,,,,,,,,,,,,,,,,,,,,,,,,,,HT,15.00000000,15.00000000,0.00000000,0.00000000,,,2023-05-19 15:05:07,,,0,,,0,0.00000000,,,,,,,,,
422,LWB215B,Green Polar Camel 32oz - Blank,0,1,1,,,,,,,,,,,,,,,,,,,,,,,,,,,HT,15.00000000,15.00000000,0.00000000,0.00000000,,,2023-05-19 15:05:07,,,0,,,0,0.00000000,,,,,,,,,
423,LELWB216 - 1,Yellow Polar Camel 32oz - Custom 1 Laser Etched,0,1,1,,,,,,,,,,,,,,,,,,,,,,,,,,,HT,15.00000000,15.00000000,0.00000000,0.00000000,,,2023-05-19 15:05:08,,,0,,,0,0.00000000,,,,,,,,,
424,LELWB216 - 2,Yellow Polar Camel 32oz - Custom 2 Laser Etched,0,1,1,,,,,,,,,,,,,,,,,,,,,,,,,,,HT,15.00000000,15.00000000,0.00000000,0.00000000,,,2023-05-19 15:05:08,,,0,,,0,0.00000000,,,,,,,,,
425,LWB216B,Yellow Polar Camel 32oz - Blank,0,1,1,,,,,,,,,,,,,,,,,,,,,,,,,,,HT,15.00000000,15.00000000,0.00000000,0.00000000,,,2023-05-19 15:05:08,,,0,,,0,0.00000000,,,,,,,,,
426,RHS01,Alabama Home - Red 20oz,0,1,1,,,,,,,,,,,,,,,,,,,,,,,,,,,HT,9.35000000,9.35000000,0.00000000,0.00000000,,,2023-05-19 15:05:08,,,0,,,0,0.00000000,,,,,,,,,
427,RHS02,Alaska Home - Red 20oz,0,1,1,,,,,,,,,,,,,,,,,,,,,,,,,,,HT,9.35000000,9.35000000,0.00000000,0.00000000,,,2023-05-19 15:05:08,,,0,,,0,0.00000000,,,,,,,,,
428,RHS03,Arizona Home - Red 20oz,0,1,1,,,,,,,,,,,,,,,,,,,,,,,,,,,HT,9.35000000,9.35000000,0.00000000,0.00000000,,,2023-05-19 15:05:09,,,0,,,0,0.00000000,,,,,,,,,
429,RHS04,Arkansas Home - Red 20oz,0,1,1,,,,,,,,,,,,,,,,,,,,,,,,,,,HT,9.35000000,9.35000000,0.00000000,0.00000000,,,2023-05-19 15:05:09,,,0,,,0,0.00000000,,,,,,,,,
430,RHS05,California Home - Red 20oz,0,1,1,,,,,,,,,,,,,,,,,,,,,,,,,,,HT,9.35000000,9.35000000,0.00000000,0.00000000,,,2023-05-19 15:05:09,,,0,,,0,0.00000000,,,,,,,,,
431,RHS06,Colorado Home - Red 20oz,0,1,1,,,,,,,,,,,,,,,,,,,,,,,,,,,HT,9.35000000,9.35000000,0.00000000,0.00000000,,,2023-05-19 15:05:09,,,0,,,0,0.00000000,,,,,,,,,
432,RHS07,Connecticut Home  - Red 20oz,0,1,1,,,,,,,,,,,,,,,,,,,,,,,,,,,HT,9.35000000,9.35000000,0.00000000,0.00000000,,,2023-05-19 15:05:09,,,0,,,0,0.00000000,,,,,,,,,
433,RHS08,Delaware Home - Red 20oz,0,1,1,,,,,,,,,,,,,,,,,,,,,,,,,,,HT,9.35000000,9.35000000,0.00000000,0.00000000,,,2023-05-19 15:05:10,,,0,,,0,0.00000000,,,,,,,,,
434,RHS09,Florida Home - Red 20oz,0,1,1,,,,,,,,,,,,,,,,,,,,,,,,,,,HT,9.35000000,9.35000000,0.00000000,0.00000000,,,2023-05-19 15:05:10,,,0,,,0,0.00000000,,,,,,,,,
435,RHS10,Georgia Home - Red 20oz,0,1,1,,,,,,,,,,,,,,,,,,,,,,,,,,,HT,9.35000000,9.35000000,0.00000000,0.00000000,,,2023-05-19 15:05:10,,,0,,,0,0.00000000,,,,,,,,,
436,RHS11,Hawaii Home - Red 20oz,0,1,1,,,,,,,,,,,,,,,,,,,,,,,,,,,HT,9.35000000,9.35000000,0.00000000,0.00000000,,,2023-05-19 15:05:10,,,0,,,0,0.00000000,,,,,,,,,
437,RHS12,Idaho Home - Red 20oz,0,1,1,,,,,,,,,,,,,,,,,,,,,,,,,,,HT,9.35000000,9.35000000,0.00000000,0.00000000,,,2023-05-19 15:05:10,,,0,,,0,0.00000000,,,,,,,,,
438,RHS13,Illinois Home - Red 20oz,0,1,1,,,,,,,,,,,,,,,,,,,,,,,,,,,HT,9.35000000,9.35000000,0.00000000,0.00000000,,,2023-05-19 15:05:11,,,0,,,0,0.00000000,,,,,,,,,
439,RHS14,Indiana Home - Red 20oz,0,1,1,,,,,,,,,,,,,,,,,,,,,,,,,,,HT,9.35000000,9.35000000,0.00000000,0.00000000,,,2023-05-19 15:05:11,,,0,,,0,0.00000000,,,,,,,,,
440,RHS15,Iowa Home - Red 20oz,0,1,1,,,,,,,,,,,,,,,,,,,,,,,,,,,HT,9.35000000,9.35000000,0.00000000,0.00000000,,,2023-05-19 15:05:11,,,0,,,0,0.00000000,,,,,,,,,
441,RHS16,Kansas Home - Red 20oz,0,1,1,,,,,,,,,,,,,,,,,,,,,,,,,,,HT,9.35000000,9.35000000,0.00000000,0.00000000,,,2023-05-19 15:05:12,,,0,,,0,0.00000000,,,,,,,,,
442,RHS17,Kentucky Home - Red 20oz,0,1,1,,,,,,,,,,,,,,,,,,,,,,,,,,,HT,9.35000000,9.35000000,0.00000000,0.00000000,,,2023-05-19 15:05:12,,,0,,,0,0.00000000,,,,,,,,,
443,RHS18,Louisiana Home - Red 20oz,0,1,1,,,,,,,,,,,,,,,,,,,,,,,,,,,HT,9.35000000,9.35000000,0.00000000,0.00000000,,,2023-05-19 15:05:12,,,0,,,0,0.00000000,,,,,,,,,
444,RHS19,Maine Home - Red 20oz,0,1,1,,,,,,,,,,,,,,,,,,,,,,,,,,,HT,9.35000000,9.35000000,0.00000000,0.00000000,,,2023-05-19 15:05:12,,,0,,,0,0.00000000,,,,,,,,,
445,RHS20,Maryland Home - Red 20oz,0,1,1,,,,,,,,,,,,,,,,,,,,,,,,,,,HT,9.35000000,9.35000000,0.00000000,0.00000000,,,2023-05-19 15:05:12,,,0,,,0,0.00000000,,,,,,,,,
446,RHS21,Massachusettes Home - Red 20oz,0,1,1,,,,,,,,,,,,,,,,,,,,,,,,,,,HT,9.35000000,9.35000000,0.00000000,0.00000000,,,2023-05-19 15:05:13,,,0,,,0,0.00000000,,,,,,,,,
447,RHS22,Michigan Home - Red 20oz,0,1,1,,,,,,,,,,,,,,,,,,,,,,,,,,,HT,9.35000000,9.35000000,0.00000000,0.00000000,,,2023-05-19 15:05:13,,,0,,,0,0.00000000,,,,,,,,,
448,RHS23,Minnesota Home - Red 20oz,0,1,1,,,,,,,,,,,,,,,,,,,,,,,,,,,HT,9.35000000,9.35000000,0.00000000,0.00000000,,,2023-05-19 15:05:13,,,0,,,0,0.00000000,,,,,,,,,
449,RHS24,Mississippi Home - Red 20oz,0,1,1,,,,,,,,,,,,,,,,,,,,,,,,,,,HT,9.35000000,9.35000000,0.00000000,0.00000000,,,2023-05-19 15:05:13,,,0,,,0,0.00000000,,,,,,,,,
450,RHS25,Missouri Home - Red 20oz,0,1,1,,,,,,,,,,,,,,,,,,,,,,,,,,,HT,9.35000000,9.35000000,0.00000000,0.00000000,,,2023-05-19 15:05:13,,,0,,,0,0.00000000,,,,,,,,,
451,RHS26,Montana Home - Red 20oz,0,1,1,,,,,,,,,,,,,,,,,,,,,,,,,,,HT,9.35000000,9.35000000,0.00000000,0.00000000,,,2023-05-19 15:05:14,,,0,,,0,0.00000000,,,,,,,,,
452,RHS27,Nebraska Home - Red 20oz,0,1,1,,,,,,,,,,,,,,,,,,,,,,,,,,,HT,9.35000000,9.35000000,0.00000000,0.00000000,,,2023-05-19 15:05:14,,,0,,,0,0.00000000,,,,,,,,,
453,RHS28,Nevada Home - Red 20oz,0,1,1,,,,,,,,,,,,,,,,,,,,,,,,,,,HT,9.35000000,9.35000000,0.00000000,0.00000000,,,2023-05-19 15:05:14,,,0,,,0,0.00000000,,,,,,,,,
454,RHS29,New Hampshire Home - Red 20oz,0,1,1,,,,,,,,,,,,,,,,,,,,,,,,,,,HT,9.35000000,9.35000000,0.00000000,0.00000000,,,2023-05-19 15:05:14,,,0,,,0,0.00000000,,,,,,,,,
455,RHS30,New Jersey Home - Red 20oz,0,1,1,,,,,,,,,,,,,,,,,,,,,,,,,,,HT,9.35000000,9.35000000,0.00000000,0.00000000,,,2023-05-19 15:05:15,,,0,,,0,0.00000000,,,,,,,,,
456,RHS31,New Mexico Home - Red 20oz,0,1,1,,,,,,,,,,,,,,,,,,,,,,,,,,,HT,9.35000000,9.35000000,0.00000000,0.00000000,,,2023-05-19 15:05:15,,,0,,,0,0.00000000,,,,,,,,,
457,RHS32,New York Home - Red 20oz,0,1,1,,,,,,,,,,,,,,,,,,,,,,,,,,,HT,9.35000000,9.35000000,0.00000000,0.00000000,,,2023-05-19 15:05:15,,,0,,,0,0.00000000,,,,,,,,,
458,RHS33,North Carolina Home - Red 20oz,0,1,1,,,,,,,,,,,,,,,,,,,,,,,,,,,HT,9.35000000,9.35000000,0.00000000,0.00000000,,,2023-05-19 15:05:15,,,0,,,0,0.00000000,,,,,,,,,
459,RHS34,North Dakota Home - Red 20oz,0,1,1,,,,,,,,,,,,,,,,,,,,,,,,,,,HT,9.35000000,9.35000000,0.00000000,0.00000000,,,2023-05-19 15:05:15,,,0,,,0,0.00000000,,,,,,,,,
460,RHS35,Ohio Home - Red 20oz,0,1,1,,,,,,,,,,,,,,,,,,,,,,,,,,,HT,9.35000000,9.35000000,0.00000000,0.00000000,,,2023-05-19 15:05:16,,,0,,,0,0.00000000,,,,,,,,,
461,RHS36,Oklahoma Home - Red 20oz,0,1,1,,,,,,,,,,,,,,,,,,,,,,,,,,,HT,9.35000000,9.35000000,0.00000000,0.00000000,,,2023-05-19 15:05:16,,,0,,,0,0.00000000,,,,,,,,,
462,RHS37,Oregon Home - Red 20oz,0,1,1,,,,,,,,,,,,,,,,,,,,,,,,,,,HT,9.35000000,9.35000000,0.00000000,0.00000000,,,2023-05-19 15:05:16,,,0,,,0,0.00000000,,,,,,,,,
463,RHS38,Pennsylvania Home - Red 20oz,0,1,1,,,,,,,,,,,,,,,,,,,,,,,,,,,HT,9.35000000,9.35000000,0.00000000,0.00000000,,,2023-05-19 15:05:16,,,0,,,0,0.00000000,,,,,,,,,
464,RHS39,Rhode Island Home - Red 20oz,0,1,1,,,,,,,,,,,,,,,,,,,,,,,,,,,HT,9.35000000,9.35000000,0.00000000,0.00000000,,,2023-05-19 15:05:16,,,0,,,0,0.00000000,,,,,,,,,
465,RHS40,South Carolina Home - Red 20oz,0,1,1,,,,,,,,,,,,,,,,,,,,,,,,,,,HT,9.35000000,9.35000000,0.00000000,0.00000000,,,2023-05-19 15:05:17,,,0,,,0,0.00000000,,,,,,,,,
466,RHS41,South Dakota Home - Red 20oz,0,1,1,,,,,,,,,,,,,,,,,,,,,,,,,,,HT,9.35000000,9.35000000,0.00000000,0.00000000,,,2023-05-19 15:05:17,,,0,,,0,0.00000000,,,,,,,,,
467,RHS42,Tennessee Home - Red 20oz,0,1,1,,,,,,,,,,,,,,,,,,,,,,,,,,,HT,9.35000000,9.35000000,0.00000000,0.00000000,,,2023-05-19 15:05:17,,,0,,,0,0.00000000,,,,,,,,,
468,RHS43,Texas Home - Red 20oz,0,1,1,,,,,,,,,,,,,,,,,,,,,,,,,,,HT,9.35000000,9.35000000,0.00000000,0.00000000,,,2023-05-19 15:05:17,,,0,,,0,0.00000000,,,,,,,,,
469,RHS44,Utah Home - Red 20oz,0,1,1,,,,,,,,,,,,,,,,,,,,,,,,,,,HT,9.35000000,9.35000000,0.00000000,0.00000000,,,2023-05-19 15:05:17,,,0,,,0,0.00000000,,,,,,,,,
470,RHS45,Vermont Home - Red 20oz,0,1,1,,,,,,,,,,,,,,,,,,,,,,,,,,,HT,9.35000000,9.35000000,0.00000000,0.00000000,,,2023-05-19 15:05:18,,,0,,,0,0.00000000,,,,,,,,,
471,RHS46,Virginia Home - Red 20oz,0,1,1,,,,,,,,,,,,,,,,,,,,,,,,,,,HT,9.35000000,9.35000000,0.00000000,0.00000000,,,2023-05-19 15:05:18,,,0,,,0,0.00000000,,,,,,,,,
472,RHS47,Washington Home - Red 20oz,0,1,1,,,,,,,,,,,,,,,,,,,,,,,,,,,HT,9.35000000,9.35000000,0.00000000,0.00000000,,,2023-05-19 15:05:18,,,0,,,0,0.00000000,,,,,,,,,
473,RHS48,West Virginia Home - Red 20oz,0,1,1,,,,,,,,,,,,,,,,,,,,,,,,,,,HT,9.35000000,9.35000000,0.00000000,0.00000000,,,2023-05-19 15:05:18,,,0,,,0,0.00000000,,,,,,,,,
474,RHS49,Wisconsin Home - Red 20oz,0,1,1,,,,,,,,,,,,,,,,,,,,,,,,,,,HT,9.35000000,9.35000000,0.00000000,0.00000000,,,2023-05-19 15:05:18,,,0,,,0,0.00000000,,,,,,,,,
475,RHS50,Wyoming Home - Red 20oz,0,1,1,,,,,,,,,,,,,,,,,,,,,,,,,,,HT,9.35000000,9.35000000,0.00000000,0.00000000,,,2023-05-19 15:05:19,,,0,,,0,0.00000000,,,,,,,,,
476,GL111,We the People - Royal Blue 20oz Laser Etched,0,1,1,,,,,,,,,,,,,,,,,,,,,,,,,,,HT,9.35000000,9.35000000,0.00000000,0.00000000,,,2023-05-19 15:05:19,,,0,,,0,0.00000000,,,,,,,,,
477,GL112,Gone Fishing - Black 20oz Laser Etched,0,1,1,,,,,,,,,,,,,,,,,,,,,,,,,,,HT,9.35000000,9.35000000,0.00000000,0.00000000,,,2023-05-19 15:05:19,,,0,,,0,0.00000000,,,,,,,,,
478,GL113,Be Kind - White 20oz Laser Etched,0,1,1,,,,,,,,,,,,,,,,,,,,,,,,,,,HT,9.35000000,9.35000000,0.00000000,0.00000000,,,2023-05-19 15:05:19,,,0,,,0,0.00000000,,,,,,,,,
479,GL205,Expensive - White 12oz Laser Etched,0,1,1,,,,,,,,,,,,,,,,,,,,,,,,,,,HT,8.90000000,8.90000000,0.00000000,0.00000000,,,2023-05-19 15:05:19,,,0,,,0,0.00000000,,,,,,,,,
480,GL206,Meh - White 12oz Laser Etched,0,1,1,,,,,,,,,,,,,,,,,,,,,,,,,,,HT,8.90000000,8.90000000,0.00000000,0.00000000,,,2023-05-19 15:05:20,,,0,,,0,0.00000000,,,,,,,,,
481,GP510,Fueled By - Silver 20oz Digital Print,0,1,1,,,,,,,,,,,,,,,,,,,,,,,,,,,HT,9.35000000,9.35000000,0.00000000,0.00000000,,,2023-05-19 15:05:20,,,0,,,0,0.00000000,,,,,,,,,
482,GP511,Paradise - Silver 20oz Digital Print,0,1,1,,,,,,,,,,,,,,,,,,,,,,,,,,,HT,9.35000000,9.35000000,0.00000000,0.00000000,,,2023-05-19 15:05:20,,,0,,,0,0.00000000,,,,,,,,,
483,GP512,Stronger - Silver 20oz Digital Print,0,1,1,,,,,,,,,,,,,,,,,,,,,,,,,,,HT,9.35000000,9.35000000,0.00000000,0.00000000,,,2023-05-19 15:05:20,,,0,,,0,0.00000000,,,,,,,,,
484,GP513,"Live, Laugh, Love - Silver 20oz Digital Print",0,1,1,,,,,,,,,,,,,,,,,,,,,,,,,,,HT,9.35000000,9.35000000,0.00000000,0.00000000,,,2023-05-19 15:05:20,,,0,,,0,0.00000000,,,,,,,,,
485,GP618,Vitamin Sea - White 12oz Digital Print,0,1,1,,,,,,,,,,,,,,,,,,,,,,,,,,,HT,8.90000000,8.90000000,0.00000000,0.00000000,,,2023-05-19 15:05:21,,,0,,,0,0.00000000,,,,,,,,,
486,GP619,Nope Not Today - White 12oz Digital Print,0,1,1,,,,,,,,,,,,,,,,,,,,,,,,,,,HT,8.90000000,8.90000000,0.00000000,0.00000000,,,2023-05-19 15:05:21,,,0,,,0,0.00000000,,,,,,,,,
487,GP620,Namaste - White 12oz Digital Print,0,1,1,,,,,,,,,,,,,,,,,,,,,,,,,,,HT,8.90000000,8.90000000,0.00000000,0.00000000,,,2023-05-19 15:05:21,,,0,,,0,0.00000000,,,,,,,,,
488,GP621,Offline - White 12oz Digital Print,0,1,1,,,,,,,,,,,,,,,,,,,,,,,,,,,HT,8.90000000,8.90000000,0.00000000,0.00000000,,,2023-05-19 15:05:21,,,0,,,0,0.00000000,,,,,,,,,
489,GP622,Coffee and Dogs - White 12oz Digital Print,0,1,1,,,,,,,,,,,,,,,,,,,,,,,,,,,HT,8.90000000,8.90000000,0.00000000,0.00000000,,,2023-05-19 15:05:21,,,0,,,0,0.00000000,,,,,,,,,
490,PC301,Just a Bit - Red 20oz Laser Etched,0,1,1,,,,,,,,,,,,,,,,,,,,,,,,,,,HT,9.35000000,9.35000000,0.00000000,0.00000000,,,2023-05-19 15:05:22,,,0,,,0,0.00000000,,,,,,,,,
491,PC302,Serenity Now - Royal Blue 20oz Laser Etched,0,1,1,,,,,,,,,,,,,,,,,,,,,,,,,,,HT,9.35000000,9.35000000,0.00000000,0.00000000,,,2023-05-19 15:05:22,,,0,,,0,0.00000000,,,,,,,,,
492,PC303,Pivot - White 20oz Laser Etched,0,1,1,,,,,,,,,,,,,,,,,,,,,,,,,,,HT,9.35000000,9.35000000,0.00000000,0.00000000,,,2023-05-19 15:05:22,,,0,,,0,0.00000000,,,,,,,,,
493,PC401,"Ew, David - White 12oz Laser Etched",0,1,1,,,,,,,,,,,,,,,,,,,,,,,,,,,HT,9.35000000,9.35000000,0.00000000,0.00000000,,,2023-05-19 15:05:22,,,0,,,0,0.00000000,,,,,,,,,
494,B01SS,Arizona Diamondbacks - 20oz Sideline Series,0,1,1,,,,,,,,,,,,,,,,,,,,,,,,,,,HT,9.65000000,9.65000000,0.00000000,0.00000000,,,2023-05-19 15:05:22,,,0,,,0,0.00000000,,,,,,,,,
495,B02SS,Atlanta Braves - 20oz Sideline Series,0,1,1,,,,,,,,,,,,,,,,,,,,,,,,,,,HT,9.65000000,9.65000000,0.00000000,0.00000000,,,2023-05-19 15:05:22,,,0,,,0,0.00000000,,,,,,,,,
496,B03SS,Baltimore Orioles - 20oz Sideline Series,0,1,1,,,,,,,,,,,,,,,,,,,,,,,,,,,HT,9.65000000,9.65000000,0.00000000,0.00000000,,,2023-05-19 15:05:23,,,0,,,0,0.00000000,,,,,,,,,
497,B04SS,Boston Red Sox - 20oz Sideline Series,0,1,1,,,,,,,,,,,,,,,,,,,,,,,,,,,HT,9.65000000,9.65000000,0.00000000,0.00000000,,,2023-05-19 15:05:23,,,0,,,0,0.00000000,,,,,,,,,
498,B05SS,Chicago Cubs - 20oz Sideline Series,0,1,1,,,,,,,,,,,,,,,,,,,,,,,,,,,HT,9.65000000,9.65000000,0.00000000,0.00000000,,,2023-05-19 15:05:23,,,0,,,0,0.00000000,,,,,,,,,
499,B06SS,Chicago White Sox - 20oz Sideline Series,0,1,1,,,,,,,,,,,,,,,,,,,,,,,,,,,HT,9.65000000,9.65000000,0.00000000,0.00000000,,,2023-05-19 15:05:23,,,0,,,0,0.00000000,,,,,,,,,
500,B07SS,Cincinnati Reds - 20oz Sideline Series,0,1,1,,,,,,,,,,,,,,,,,,,,,,,,,,,HT,9.65000000,9.65000000,0.00000000,0.00000000,,,2023-05-19 15:05:23,,,0,,,0,0.00000000,,,,,,,,,
501,B08SS,Cleveland Indians - 20oz Sideline Series,0,1,1,,,,,,,,,,,,,,,,,,,,,,,,,,,HT,9.65000000,9.65000000,0.00000000,0.00000000,0.000,,2023-05-19 17:25:56,,,0,,,0,0.00000000,,,,,,,,,
502,B09SS,Colorado Rockies - 20oz Sideline Series,0,1,1,,,,,,,,,,,,,,,,,,,,,,,,,,,HT,9.65000000,9.65000000,0.00000000,0.00000000,,,2023-05-19 15:05:24,,,0,,,0,0.00000000,,,,,,,,,
503,B10SS,Detroit Tigers - 20oz Sideline Series,0,1,1,,,,,,,,,,,,,,,,,,,,,,,,,,,HT,9.65000000,9.65000000,0.00000000,0.00000000,,,2023-05-19 15:05:24,,,0,,,0,0.00000000,,,,,,,,,
504,B11SS,Houston Astros - 20oz Sideline Series,0,1,1,,,,,,,,,,,,,,,,,,,,,,,,,,,HT,9.65000000,9.65000000,0.00000000,0.00000000,,,2023-05-19 15:05:24,,,0,,,0,0.00000000,,,,,,,,,
505,B12SS,Kansas City Royals - 20oz Sideline Series,0,1,1,,,,,,,,,,,,,,,,,,,,,,,,,,,HT,9.65000000,9.65000000,0.00000000,0.00000000,,,2023-05-19 15:05:24,,,0,,,0,0.00000000,,,,,,,,,
506,B13SS,LA Angels of Anaheim - 20oz Sideline Series,0,1,1,,,,,,,,,,,,,,,,,,,,,,,,,,,HT,9.65000000,9.65000000,0.00000000,0.00000000,,,2023-05-19 15:05:25,,,0,,,0,0.00000000,,,,,,,,,
507,B14SS,LA Dodgers - 20oz Sideline Series,0,1,1,,,,,,,,,,,,,,,,,,,,,,,,,,,HT,9.65000000,9.65000000,0.00000000,0.00000000,,,2023-05-19 15:05:25,,,0,,,0,0.00000000,,,,,,,,,
508,B15SS,Miami Marlins - 20oz Sideline Series,0,1,1,,,,,,,,,,,,,,,,,,,,,,,,,,,HT,9.65000000,9.65000000,0.00000000,0.00000000,,,2023-05-19 15:05:25,,,0,,,0,0.00000000,,,,,,,,,
509,B16SS,Milwaukee Brewers - 20oz Sideline Series,0,1,1,,,,,,,,,,,,,,,,,,,,,,,,,,,HT,9.65000000,9.65000000,0.00000000,0.00000000,,,2023-05-19 15:05:25,,,0,,,0,0.00000000,,,,,,,,,
510,B17SS,Minnesota Twins - 20oz Sideline Series,0,1,1,,,,,,,,,,,,,,,,,,,,,,,,,,,HT,9.65000000,9.65000000,0.00000000,0.00000000,,,2023-05-19 15:05:26,,,0,,,0,0.00000000,,,,,,,,,
511,B18SS,New York Mets - 20oz Sideline Series,0,1,1,,,,,,,,,,,,,,,,,,,,,,,,,,,HT,9.65000000,9.65000000,0.00000000,0.00000000,,,2023-05-19 15:05:26,,,0,,,0,0.00000000,,,,,,,,,
512,B19SS,New York Yankees - 20oz Sideline Series,0,1,1,,,,,,,,,,,,,,,,,,,,,,,,,,,HT,9.65000000,9.65000000,0.00000000,0.00000000,,,2023-05-19 15:05:26,,,0,,,0,0.00000000,,,,,,,,,
513,B20SS,Oakland Athletics - 20oz Sideline Series,0,1,1,,,,,,,,,,,,,,,,,,,,,,,,,,,HT,9.65000000,9.65000000,0.00000000,0.00000000,,,2023-05-19 15:05:26,,,0,,,0,0.00000000,,,,,,,,,
514,B21SS,Philadelphia Phillies - 20oz Sideline Series,0,1,1,,,,,,,,,,,,,,,,,,,,,,,,,,,HT,9.65000000,9.65000000,0.00000000,0.00000000,,,2023-05-19 15:05:27,,,0,,,0,0.00000000,,,,,,,,,
515,B22SS,Pittsburgh Pirates - 20oz Sideline Series,0,1,1,,,,,,,,,,,,,,,,,,,,,,,,,,,HT,9.65000000,9.65000000,0.00000000,0.00000000,,,2023-05-19 15:05:27,,,0,,,0,0.00000000,,,,,,,,,
516,B23SS,St.Louis Cardinals - 20oz Sideline Series,0,1,1,,,,,,,,,,,,,,,,,,,,,,,,,,,HT,9.65000000,9.65000000,0.00000000,0.00000000,,,2023-05-19 15:05:27,,,0,,,0,0.00000000,,,,,,,,,
517,B24SS,San Diego Padres - 20oz Sideline Series,0,1,1,,,,,,,,,,,,,,,,,,,,,,,,,,,HT,9.65000000,9.65000000,0.00000000,0.00000000,,,2023-05-19 15:05:27,,,0,,,0,0.00000000,,,,,,,,,
518,B25SS,San Francisco Giants - 20oz Sideline Series,0,1,1,,,,,,,,,,,,,,,,,,,,,,,,,,,HT,9.65000000,9.65000000,0.00000000,0.00000000,,,2023-05-19 15:05:28,,,0,,,0,0.00000000,,,,,,,,,
519,B26SS,Seattle Mariners - 20oz Sideline Series,0,1,1,,,,,,,,,,,,,,,,,,,,,,,,,,,HT,9.65000000,9.65000000,0.00000000,0.00000000,,,2023-05-19 15:05:28,,,0,,,0,0.00000000,,,,,,,,,
520,B27SS,Tampa Bay Rays - 20oz Sideline Series,0,1,1,,,,,,,,,,,,,,,,,,,,,,,,,,,HT,9.65000000,9.65000000,0.00000000,0.00000000,,,2023-05-19 15:05:28,,,0,,,0,0.00000000,,,,,,,,,
521,B28SS,Texas Rangers - 20oz Sideline Series,0,1,1,,,,,,,,,,,,,,,,,,,,,,,,,,,HT,9.65000000,9.65000000,0.00000000,0.00000000,,,2023-05-19 15:05:28,,,0,,,0,0.00000000,,,,,,,,,
522,B29SS,Toronto Blue Jays - 20oz Sideline Series,0,1,1,,,,,,,,,,,,,,,,,,,,,,,,,,,HT,9.65000000,9.65000000,0.00000000,0.00000000,,,2023-05-19 15:05:29,,,0,,,0,0.00000000,,,,,,,,,
523,B30SS,Washington Nationals - 20oz Sideline Series,0,1,1,,,,,,,,,,,,,,,,,,,,,,,,,,,HT,9.65000000,9.65000000,0.00000000,0.00000000,,,2023-05-19 15:05:29,,,0,,,0,0.00000000,,,,,,,,,
524,C01SS,Alabama - 20oz Sideline Series,0,1,1,,,,,,,,,,,,,,,,,,,,,,,,,,,HT,9.65000000,9.65000000,0.00000000,0.00000000,,,2023-05-19 15:05:29,,,0,,,0,0.00000000,,,,,,,,,
525,C03SS,Arizona - 20oz Sideline Series,0,1,1,,,,,,,,,,,,,,,,,,,,,,,,,,,HT,9.65000000,9.65000000,0.00000000,0.00000000,,,2023-05-19 15:05:29,,,0,,,0,0.00000000,,,,,,,,,
526,C05SS,Arkansas - 20oz Sideline Series,0,1,1,,,,,,,,,,,,,,,,,,,,,,,,,,,HT,9.65000000,9.65000000,0.00000000,0.00000000,,,2023-05-19 15:05:29,,,0,,,0,0.00000000,,,,,,,,,
527,C06SS,Arkansas State - 20oz Sideline Series,0,1,1,,,,,,,,,,,,,,,,,,,,,,,,,,,HT,9.65000000,9.65000000,0.00000000,0.00000000,,,2023-05-19 15:05:29,,,0,,,0,0.00000000,,,,,,,,,
528,C07SS,Auburn - 20oz Sideline Series,0,1,1,,,,,,,,,,,,,,,,,,,,,,,,,,,HT,9.65000000,9.65000000,0.00000000,0.00000000,,,2023-05-19 15:05:30,,,0,,,0,0.00000000,,,,,,,,,
